id,show_name,season_number,episode_number,episode_title,overview,air_date,runtime_min,tmdb_episode_rating,episode_vote_count,still_path,still_file,season_poster_path,season_poster_file,tmdb_show_id,tmdb_episode_id,show_genres,show_genre_ids,directors,writers,guest_stars_top5,match_status
KTH001,King of the Hill,2,1,How to Fire a Rifle Without Really Trying,"When Bobby discovers the one sport he is good at, marksmanship, he and Hank decide to enter a father & son tournament. As it turns out Hank is a terrible marksman.",1997-09-21,22,7.2,5,/oSl52rCTfbMHlH3SjGC6Cgo7VKs.jpg,KTH001.jpg,/nAB3XAV9UqAIkQX0T0T724hFOJ2.jpg,2122-S02.jpg,2122,147683,"Animation, Comedy, Family","16, 35, 10751",Adam Kuhlman,Paul Lieberstein,"Angela Kinsey, Wallace Shawn, David Herman",matched (episode pull)
KTH002,King of the Hill,2,2,Texas City Twister,"Luanne moves back into her home, a trailer, just as a twister is about to hit.",1997-09-26,22,8.5,6,/eFYQKxCnUTnjAyGvbRtgJCsmtKT.jpg,KTH002.jpg,/nAB3XAV9UqAIkQX0T0T724hFOJ2.jpg,2122-S02.jpg,2122,147685,"Animation, Comedy, Family","16, 35, 10751",Jeff Myers,Cheryl Holliday,"Maurice LaMarche, Neil Giuntoli, Cheryl Holliday",matched (episode pull)
KTH003,King of the Hill,2,3,Arrow Head,"After Hank finds an arrow head in his lawn, Peggy gives a archaeologist permission to have an archaeological dig their yard.",1997-10-19,22,6.8,5,/oRMt6WphDvlWSBlux09BS7cGQb2.jpg,KTH003.jpg,/nAB3XAV9UqAIkQX0T0T724hFOJ2.jpg,2122-S02.jpg,2122,147686,"Animation, Comedy, Family","16, 35, 10751",Klay Hall,"Jonathan Aibel, Glenn Berger","Maurice LaMarche, Jonathan Joss",matched (episode pull)
KTH004,King of the Hill,2,4,Hilloween,Hank is excited about Halloween until someone complains and has the holiday canceled.,1997-10-26,22,7.667,6,/tjV13PcsBmqXT2Shmqso5TPbuHN.jpg,KTH004.jpg,/nAB3XAV9UqAIkQX0T0T724hFOJ2.jpg,2122-S02.jpg,2122,147687,"Animation, Comedy, Family","16, 35, 10751",John Rice,David Zuckerman,"Sally Field, David Herman, Dennis Burkley, Neil Giuntoli, David Zuckerman",matched (episode pull)
KTH005,King of the Hill,2,5,"Jumpin' Crack Bass (It's a Gas, Gas, Gas)","In an effort to catch more fish than his friends, Hank decides to buy special ""bait"" from a street vendor. He soon finds himself in trouble with the law.",1997-11-02,22,7.8,5,/kerkpWmE2Ywl5KS1qJUjnMaAp6P.jpg,KTH005.jpg,/nAB3XAV9UqAIkQX0T0T724hFOJ2.jpg,2122-S02.jpg,2122,147688,"Animation, Comedy, Family","16, 35, 10751",Gary McCarver,"Alan R. Cohen, Alan Freedland","Dan Butler, James Carville, Brent Forrester",matched (episode pull)
KTH006,King of the Hill,2,9,The Company Man,Hank struggles to portray himself and his life as that of a stereotypical Texan cowboy's for a Hollywood cowboy movie fan in order to secure a business deal for Strickland Propane.,1997-12-07,22,5.375,8,/wg9sI5qsBdnVO77BJlyo5mKBzd1.jpg,KTH006.jpg,/nAB3XAV9UqAIkQX0T0T724hFOJ2.jpg,2122-S02.jpg,2122,147693,"Animation, Comedy, Family","16, 35, 10751",Klay Hall,Jim Dauterive,"Billy West, Stockard Channing, Burt Reynolds",matched (episode pull)
KTH007,King of the Hill,2,12,Meet the Manger Babies,"After seeing that Luanne is depressed, Hank volunteers to buy her some hand puppets at a rummage sale. Luanne starts doing a Christian puppet show, The Manger Babies. Hank agrees to play God in the televised version of the puppet show. When it turns out that the show will be on at the same time as the Super Bowl, Hank has to choose between helping Luanne or watching the game.",1998-01-11,22,7.0,5,/bhkvQORSO3UjKKmCyqulK9uH6Dp.jpg,KTH007.jpg,/nAB3XAV9UqAIkQX0T0T724hFOJ2.jpg,2122-S02.jpg,2122,147708,"Animation, Comedy, Family","16, 35, 10751",Jeff Myers,,"Maurice LaMarche, Debi Derryberry, Troy Aikman, Peabo Bryson",matched (episode pull)
KTH008,King of the Hill,2,13,Snow Job,"When Hank's boss, Buck Strickland, has another heart attack, Hank expects to be put in charge of the company while Buck is recuperating. Instead Buck picks Lloyd Vickers, a business-school graduate, and puts Hank in charge of feeding his dogs. At Buck's house, Hank discovers that Buck's stove is electric, not propane. Realizing that Buck is just in propane for the money, Hank considers leaving the propane business and opening up a general store instead.",1998-02-01,22,7.75,4,/ulqypdwoM4iFoJn3RBfycgmLxlh.jpg,KTH008.jpg,/nAB3XAV9UqAIkQX0T0T724hFOJ2.jpg,2122-S02.jpg,2122,147711,"Animation, Comedy, Family","16, 35, 10751",Adam Kuhlman,,"David Herman, Dennis Burkley, Cheryl Holliday",matched (episode pull)
KTH009,King of the Hill,2,14,I Remember Mono,"On Valentine's Day, Peggy finds out that Hank lied to her when they were dating: he told her he was at home one week with a football injury, when he actually got mono from kissing another girl. She sets out to uncover the whole truth, and finds herself face to face with the past.",1998-02-08,22,7.25,4,/viDIfdl1oTjbP4DZcz7i4hu1sgH.jpg,KTH009.jpg,/nAB3XAV9UqAIkQX0T0T724hFOJ2.jpg,2122-S02.jpg,2122,147713,"Animation, Comedy, Family","16, 35, 10751",Wes Archer,Paul Lieberstein,"Kerri Strug, Jennifer Jason Leigh, Joanna Gleason, Mark Humphrey, Alex Dent",matched (episode pull)
KTH010,King of the Hill,2,15,Three Days of the Kahndo,"Hank and his family go with Kahn and his family to spend a weekend in a duplex condo in Mexico. When Kahn discovers that only the bottom half of the condo has been rented, he breaks into the top half and lets Hank stay there. Dale shows up to stay with the Hills, and when Hank, Kahn and Dale are arrested for breaking into the upstairs condo, they have to sneak back across the border.",1998-02-15,22,8.333,3,/5sZHMrWeCPBsenYd1VHKASFbZqK.jpg,KTH010.jpg,/nAB3XAV9UqAIkQX0T0T724hFOJ2.jpg,2122-S02.jpg,2122,147717,"Animation, Comedy, Family","16, 35, 10751",Lauren MacMullan,,"Castulo Guerra, Paul Rodríguez, Alex Dent, Eloy Casados, Bertila Damas",matched (episode pull)
KTH011,King of the Hill,2,17,Hank's Dirty Laundry,"When Hank tries to buy a new dryer, he is told that his credit is no good because he owes money to Arlen Video. The video store's computer says he rented and never returned a pornographic movie, Cuffs and Collars. Hank refuses to pay for a movie he never rented, and sets out to prove that the computer was wrong.",1998-03-01,22,7.333,3,/dYQR9wOfrhZChKFaFgUrWtpHiXw.jpg,KTH011.jpg,/nAB3XAV9UqAIkQX0T0T724hFOJ2.jpg,2122-S02.jpg,2122,147732,"Animation, Comedy, Family","16, 35, 10751",Shaun Cashman,,"Lynne Thigpen, Billy West, David Herman",matched (episode pull)
KTH012,King of the Hill,2,18,The Final Shinsult,"When Cotton learns that the U.S. government is giving the artificial leg of General Santa Ana back to Mexico, he teams up with Dale to steal the leg from the Arlen Museum.",1998-03-15,22,7.75,4,/5HxlZPTdGBCuV3YzIQHHL6rE9kM.jpg,KTH012.jpg,/nAB3XAV9UqAIkQX0T0T724hFOJ2.jpg,2122-S02.jpg,2122,147725,"Animation, Comedy, Family","16, 35, 10751",,,"David Herman, Erica Clare",matched (episode pull)
KTH013,King of the Hill,2,20,Junkie Business,"After Hank realizes that his new employee at Strickland Propane is a drug addict, he can't fire him, because drug addiction counts as a disability under the Americans With Disabilities Act.",1998-04-26,22,7.25,4,/zUBXXmh0lL2fxQyUFsJuhgSAumx.jpg,KTH013.jpg,/nAB3XAV9UqAIkQX0T0T724hFOJ2.jpg,2122-S02.jpg,2122,147727,"Animation, Comedy, Family","16, 35, 10751",Cyndi Tang,Jim Dauterive,"David Herman, Bertila Damas, Jim Dauterive, Brent Forrester",matched (episode pull)
KTH014,King of the Hill,2,23,Propane Boom,"When Mega Lo Mart starts selling propane, Strickland Propane can't compete with their prices, and Hank loses his job. He winds up working in the propane department at Mega Lo Mart, under the supervision of Luanne's boyfriend Buckley. Hank and other Mega Lo Mart employees decide to protest the way the company destroys small businesses, by disrupting a concert by the company spokesman, Chuck Mangione. Meanwhile, Luanne, who wanted Buckley to give her the job that he gave to Hank, tells Buckley she's breaking up with him. And Hank, Luanne and Buckley are the only people in the Mega Lo Mart when Hank notices a leak...",1998-05-17,22,9.0,4,/ipHbFxisAVILyCyrmB7w03E0h3B.jpg,KTH014.jpg,/nAB3XAV9UqAIkQX0T0T724hFOJ2.jpg,2122-S02.jpg,2122,147730,"Animation, Comedy, Family","16, 35, 10751",Gary McCarver,Norm Hiscock,"David Herman, Jennifer Coolidge, Chuck Mangione, Jim Cummings, Joanna Gleason",matched (episode pull)
KTH015,King of the Hill,1,1,Pilot,Middle-class Texan Hank Hill blows his top when an overzealous social worker accuses him of child abuse after rumors about his son's black eye get out of hand.,1997-01-12,22,8.0,13,/zj1o9VbOydmYOygo4QQzq34hNoI.jpg,KTH015.jpg,/iooLAHYz3q5tietw70zvrEdOAzN.jpg,2122-S01.jpg,2122,147643,"Animation, Comedy, Family","16, 35, 10751",Wes Archer,"Greg Daniels, Mike Judge","David Herman, Gailard Sartain",matched (episode pull)
KTH016,King of the Hill,1,2,Square Peg,Hank is annoyed when Bobby asks to take a sex-education class--especially when he discovers that Peggy's the teacher.,1997-01-19,22,7.727,11,/l2BDckE0yOseRsfWo6pVeC4STk5.jpg,KTH016.jpg,/iooLAHYz3q5tietw70zvrEdOAzN.jpg,2122-S01.jpg,2122,147676,"Animation, Comedy, Family","16, 35, 10751",Gary McCarver,Joe Stillman,Mary Scheer,matched (episode pull)
KTH017,King of the Hill,1,3,The Order of the Straight Arrow,"A camping trip with Bobby's scout troop leaves Hank griping after the boy clubs an endangered bird during a faux hunt. Meanwhile, Peggy embarks on a mysterious quest.",1997-02-02,22,7.857,7,/4Uv2HK2mxJOP5QqTaBxioJNgdcd.jpg,KTH017.jpg,/iooLAHYz3q5tietw70zvrEdOAzN.jpg,2122-S01.jpg,2122,147679,"Animation, Comedy, Family","16, 35, 10751",Klay Hall,Cheryl Holliday,"Victor Aaron, David Herman, Cheryl Holliday",matched (episode pull)
KTH018,King of the Hill,1,4,Hank's Got the Willies,Hank's determination to find a role model for Bobby leads to an unexpected encounter with Hank's own hero.,1997-02-09,22,7.0,7,/f54I5fEF9xOLzGrx68IjaBKreuC.jpg,KTH018.jpg,/iooLAHYz3q5tietw70zvrEdOAzN.jpg,2122-S01.jpg,2122,147677,"Animation, Comedy, Family","16, 35, 10751",Monte Young,Johnny Hardwick,"David Herman, Willie Nelson, Dennis Hopper",matched (episode pull)
KTH019,King of the Hill,1,5,Luanne's Saga,"When Luanne breaks up with Buckley, Hank takes it upon himself to pick up the pieces of his niece's broken heart, only to be left fuming when she makes a play for Boomhauer.",1997-02-16,22,7.857,7,/htwVSYbYAqs7B1OWGre3joeF5Wd.jpg,KTH019.jpg,/iooLAHYz3q5tietw70zvrEdOAzN.jpg,2122-S01.jpg,2122,147678,"Animation, Comedy, Family","16, 35, 10751",Pat Shinagawa,"Dan Sterling, Dan McGrath, Brent Forrester, Paul Lieberstein","David Herman, Victor Aaron, Chuck Mangione",matched (episode pull)
KTH020,King of the Hill,1,6,Hank's Unmentionable Problem,"A concerned Peggy inadvertently spreads the word about Hank's bout with constipation, leaving her husband flushed with embarrassment.",1997-02-23,22,7.0,5,/aETZJxeTlrGUcYF2GNR8UcnI8gj.jpg,KTH020.jpg,/iooLAHYz3q5tietw70zvrEdOAzN.jpg,2122-S01.jpg,2122,147680,"Animation, Comedy, Family","16, 35, 10751",Adam Kuhlman,"Greg Daniels, Mike Judge","Steven Banks, Jim Cummings, David Herman",matched (episode pull)
KTH021,King of the Hill,1,7,Westie Side Story,The Hills' new Laotian neighbors cause Peggy and Hank confusion and consternation after a culture clash leads to suspicion over a missing dog.,1997-03-02,22,7.0,5,/joKjDPHqrY0paTOqszRVNeoxlf1.jpg,KTH021.jpg,/iooLAHYz3q5tietw70zvrEdOAzN.jpg,2122-S01.jpg,2122,147653,"Animation, Comedy, Family","16, 35, 10751",Brian Sheesley,"Jonathan Aibel, Glenn Berger",,matched (episode pull)
KTH022,King of the Hill,1,9,Peggy the Boggle Champ,"Peggy and Hank head to Dallas so Peggy can compete in a boggle tournament, but Hank decides to forego the tournament in order to attend a lawnmower expo.",1997-04-13,22,7.0,5,/zUGT2aUXtBM94eSU47u4YlPZukV.jpg,KTH022.jpg,/iooLAHYz3q5tietw70zvrEdOAzN.jpg,2122-S01.jpg,2122,147647,"Animation, Comedy, Family","16, 35, 10751",Chuck Sheetz,"Jonathan Aibel, Glenn Berger","Laurie Metcalf, David Herman, Chuck Mangione",matched (episode pull)
KTH023,King of the Hill,1,10,Keeping Up with Our Joneses,"Hank and Peggy's love of cigarettes is rekindled after Hank catches Bobby smoking, but Luanne is determined to nip their habit in the butt.",1997-04-27,22,7.4,5,/8BZKycYEcyvMQqe3spujEYFDPnA.jpg,KTH023.jpg,/iooLAHYz3q5tietw70zvrEdOAzN.jpg,2122-S01.jpg,2122,147666,"Animation, Comedy, Family","16, 35, 10751",John Rice,"Jonathan Collier, Joe Stillman","Billy West, David Herman, Eloy Casados",matched (episode pull)
KTH024,King of the Hill,1,12,Plastic White Female,"Luanne and Bobby each face a crisis: she's fearful of failing her beauty exam, while he frets over his first boy-girl party.",1997-05-11,22,7.4,5,/7wej5IHsR41FuQqXs1WD6ChtS57.jpg,KTH024.jpg,/iooLAHYz3q5tietw70zvrEdOAzN.jpg,2122-S01.jpg,2122,147675,"Animation, Comedy, Family","16, 35, 10751",Jeff Myers,David Zuckerman,"Jennifer Coolidge, Dawnn Lewis, Jimmy Peterson",matched (episode pull)
KTH025,King of the Hill,3,3,Peggy's Headache,"When Peggy starts writing ""musings"" for the local newspaper, the pressure gives her a headache, so she goes to John Redcorn for a therapeutic massage. When she finds out that Dale's wife Nancy is having an affair with John Redcorn, she is so horrified that she decides to tell Dale about it.",1998-10-06,22,7.333,3,/9agfsDRBbeyHBeePldJc7HYWwPe.jpg,KTH025.jpg,/fULhidKRT37Hp3VtcucBQAlLhRH.jpg,2122-S03.jpg,2122,147734,"Animation, Comedy, Family","16, 35, 10751",,Joe Stillman,Jonathan Joss,matched (episode pull)
KTH026,King of the Hill,3,7,Nine Pretty Darn Angry Men,"Hank is outraged when he attends a lawn mower focus group and discovers that the new model of his favorite mower has been turned into an upgraded ""yuppified"" version.",1998-11-17,22,9.5,2,/lEhY3hiVE7TMLEqiatO5afUtVAf.jpg,KTH026.jpg,/fULhidKRT37Hp3VtcucBQAlLhRH.jpg,2122-S03.jpg,2122,147739,"Animation, Comedy, Family","16, 35, 10751",Shaun Cashman,Jim Dauterive,"Beth Grant, David Herman, Billy Bob Thornton, Dwight Yoakam",matched (episode pull)
KTH027,King of the Hill,3,8,Good Hill Hunting,"All the kids in the neighborhood are going on their first hunt, but Hank is unable to get a hunting license for him and Bobby. Bobby is so upset about being denied the chance at a rite of passage that he starts to regress into acting like a little kid. Hank reluctantly decides to take Bobby hunting at the La Grunta Resort.",1998-12-01,22,7.5,2,/qVu3B7ymTUCgDozilNt5aP83AJw.jpg,KTH027.jpg,/fULhidKRT37Hp3VtcucBQAlLhRH.jpg,2122-S03.jpg,2122,147745,"Animation, Comedy, Family","16, 35, 10751",Klay Hall,Joe Stillman,"Tara Strong, David Herman, Jonathan Joss",matched (episode pull)
KTH028,King of the Hill,3,10,A Firefighting We Will Go,"Hank and his friends become volunteer firefighters. They manage to wreck a fire hydrant, ruin a funeral, and finally burn down the Arlen firehouse. When the Fire Captain comes to ask what happened, the trio turns the story around to match each of their scenarios.",1999-01-12,22,9.5,2,/3gvVPGRwjyuhNpemR5oQi1VJE83.jpg,KTH028.jpg,/fULhidKRT37Hp3VtcucBQAlLhRH.jpg,2122-S03.jpg,2122,147751,"Animation, Comedy, Family","16, 35, 10751",Cyndi Tang,"Greg Daniels, Mike Judge","Earl Houston Bullock, Buddy Ebsen, Barry Corbin",matched (episode pull)
KTH029,King of the Hill,3,13,De-Kahnstructing Henry,"Kahn gets a great new job and invites Hank over to the office, hoping to make him jealous. While bragging about his job, Kahn gives away government secrets, swearing Hank to secrecy. Hank talks to Bill about Kahn's job, and Kahn gets fired for it.",1999-02-02,22,7.0,2,/1eqTDgNbXqUBLHyN1lyz8qgqWVx.jpg,KTH029.jpg,/fULhidKRT37Hp3VtcucBQAlLhRH.jpg,2122-S03.jpg,2122,147752,"Animation, Comedy, Family","16, 35, 10751",Klay Hall,Paul Lieberstein,"Chuck Mangione, Maurice LaMarche, Glenn L. Lucas",matched (episode pull)
KTH030,King of the Hill,3,15,Sleight of Hank,"Hank and Peggy go to a magic show where Peggy gets to be the volunteer in the best trick. Hank tries to figure out how the trick was done, and Peggy won't tell him. Meanwhile, Bobby is looking for a way to liven up his Sunday School report on Jesus, and when he sees the magician, he incorporates some of the tricks and patter into the report, calling it ""The Amazing Jesus.""",1999-02-16,22,7.5,2,/w8SjkaS6b5vUcJDeGGIZS2Amsh3.jpg,KTH030.jpg,/fULhidKRT37Hp3VtcucBQAlLhRH.jpg,2122-S03.jpg,2122,147755,"Animation, Comedy, Family","16, 35, 10751",Jeff Myers,,"David Herman, Jonathan Joss",matched (episode pull)
KTH031,King of the Hill,3,16,"Jon Vitti Presents: ""Return to La Grunta""","Hank gets Luanne a job as a golf course drink girl at the La Grunta resort. In gratitude, Luanne gets Hank a chance to swim with a dolphin. Hank pets the dolphin, and the dolphin becomes aroused and tries to become sexually intimate with him. In return for his silence, the hotel pays him off, and Hank tells Luanne never to talk about what happened. Luanne gets sexually harassed by one of the golfers, she decides to follow Hank's example and not talk about it.",1999-02-23,22,9.0,3,/yDOzKlLhBbbCPPWjOeGnYKtcvf4.jpg,KTH031.jpg,/fULhidKRT37Hp3VtcucBQAlLhRH.jpg,2122-S03.jpg,2122,147754,"Animation, Comedy, Family","16, 35, 10751",Gary McCarver,Jon Vitti,"Dena Dietrich, David Herman, Louise Jaffe, Nick Jameson, Billy West",matched (episode pull)
KTH032,King of the Hill,3,17,Escape from Party Island,"Hank takes his mother and her friends to a museum of miniatures in Port Aransas, and they get stuck in the middle of MTV's Spring Break. Meanwhile, Bill tries to put the moves on Peggy while Hank is away.",1999-03-16,22,8.5,4,/eE3eG7p0x4jE22bzdHDCMBcLsEZ.jpg,KTH032.jpg,/fULhidKRT37Hp3VtcucBQAlLhRH.jpg,2122-S03.jpg,2122,147758,"Animation, Comedy, Family","16, 35, 10751",Gary McCarver,Jonathan Collier,"Phyllis Diller, Beth Grant, Phil Buckman, Dave Buzzotta, Dena Dietrich",matched (episode pull)
KTH033,King of the Hill,3,18,Love Hurts... and So Does Art,"Worried at the prospect of going to a school dance with Connie, Bobby starts overeating at the local deli, and develops gout. Meanwhile, Hank goes to an art gallery in Dallas and finds that they are displaying an X-ray of his constipated colon.",1999-03-23,22,8.0,3,/b4k7xd13qNoUxtyoycLp5md2Mmb.jpg,KTH033.jpg,/fULhidKRT37Hp3VtcucBQAlLhRH.jpg,2122-S03.jpg,2122,147759,"Animation, Comedy, Family","16, 35, 10751",Adam Kuhlman,,"Dennis Burkley, Julianne Buescher, Jill Parker, Lisa Jane Persky, Wally Wingert",matched (episode pull)
KTH034,King of the Hill,3,20,Dog Dale Afternoon,"When Dale brings home a new 'Super Mower' the neighbors are jealous, but his attitude leaves everyone with a bad taste in their mouths. To knock him down a few notches, the crew decides to hide his new mower, & make it look like a conspiracy, Peggy gets involved and it goes too far. Dale gets pushed over the edge & it is Hank that goes to help him back down.",1999-04-13,22,9.333,3,/sUk0gjlCBTjKyPsyJAf7hPitj1t.jpg,KTH034.jpg,/fULhidKRT37Hp3VtcucBQAlLhRH.jpg,2122-S03.jpg,2122,147760,"Animation, Comedy, Family","16, 35, 10751",Tricia Garcia,"Jon Vitti, Kit Boss","Billy West, Jonathan Joss",matched (episode pull)
KTH035,King of the Hill,3,21,Revenge of the Lutefisk,"Arlen's new minister is a woman, which everyone except Cotton seems to accept. When Bobby eats all of a Midwestern fish dish prepared by the minister, it somehow leads to him accidentally burning down the church. Everyone assumes that Cotton did it, and he is arrested for a hate crime.",1999-04-20,22,7.0,2,/arfrla7ickgDbpbNuxxyv9EcNz8.jpg,KTH035.jpg,/fULhidKRT37Hp3VtcucBQAlLhRH.jpg,2122-S03.jpg,2122,147757,"Animation, Comedy, Family","16, 35, 10751",,,"Mary Tyler Moore, Maurice LaMarche",matched (episode pull)
KTH036,King of the Hill,3,25,As Old as the Hills...,Peggy and Hank's 20th-anniversary party leaves the missus missing their youth; and a bottle of tequila is the highlight of their private revelry.,1999-05-18,22,8.0,1,/g3ZZeeNKBxwhrgZTiPhtyNn0UKN.jpg,KTH036.jpg,/fULhidKRT37Hp3VtcucBQAlLhRH.jpg,2122-S03.jpg,2122,147768,"Animation, Comedy, Family","16, 35, 10751",Adam Kuhlman,Norm Hiscock,David Herman,matched (episode pull)
KTH037,King of the Hill,4,2,Cotton's Plot,"Freed from a six-week body cast, non-ambulatory Peggy takes physical therapy from Cotton, who drills her military style. Meanwhile, Hank's pals make use of her cast.",1999-10-03,22,8.75,4,/1a4KJ77kme7rbcwQyi2cpOuUHJT.jpg,KTH037.jpg,/cEfduHDxc6fAOdaAY0QuKKq9cjM.jpg,2122-S04.jpg,2122,147772,"Animation, Comedy, Family","16, 35, 10751",Anthony Lioi,"Jonathan Aibel, Glenn Berger",Phil LaMarr,matched (episode pull)
KTH038,King of the Hill,4,4,Little Horrors of Shop,"Forced to take a vacation, Hank becomes a substitute shop teacher, and a popular one, rousing jealousy in Peggy.",1999-10-31,22,9.0,3,/cX7lITVj5ZUCWSxrpecvKhQiZh.jpg,KTH038.jpg,/cEfduHDxc6fAOdaAY0QuKKq9cjM.jpg,2122-S04.jpg,2122,147770,"Animation, Comedy, Family","16, 35, 10751",Adam Kuhlman,Kit Boss,"J. Evan Bonifant, Jane Wiedlin, Dennis Burkley, Alex Dent",matched (episode pull)
KTH039,King of the Hill,4,5,Aisle 8A,"Hank is the only one home when houseguest Connie has her first encounter with menstruation--and neither knows what to do. Meanwhile, someone has to explain PMS to Bobby.",1999-11-07,22,9.2,5,/nE5ojCUsbeCJ0PtTMnpUxiCtgS6.jpg,KTH039.jpg,/cEfduHDxc6fAOdaAY0QuKKq9cjM.jpg,2122-S04.jpg,2122,147780,"Animation, Comedy, Family","16, 35, 10751",Allan Jacobsen,Garland Testa,Beth Grant,matched (episode pull)
KTH040,King of the Hill,4,6,A Beer Can Named Desire,Bill meets Cajun relatives and Hank competes for $1 million in a beer promotion at a football game in New Orleans.,1999-11-14,22,9.25,4,/A5dfYyVODaLlI9w1bcPjriuheWX.jpg,KTH040.jpg,/cEfduHDxc6fAOdaAY0QuKKq9cjM.jpg,2122-S04.jpg,2122,147774,"Animation, Comedy, Family","16, 35, 10751",,Jim Dauterive,"Emily Erwin, Natalie Maines, Martie Maguire, Don Meredith, Meryl Streep",matched (episode pull)
KTH041,King of the Hill,4,7,Happy Hank's Giving,"Hank's propane-smoked turkey is a casualty in ""a war called 'Thanksgiving at the Airport'"" as weather stalls the Hills' trip to Peggy's folks in Montana.",1999-11-21,22,9.333,3,/nvoGOFOkzB6b9gLwjvJPs66VkhP.jpg,KTH041.jpg,/cEfduHDxc6fAOdaAY0QuKKq9cjM.jpg,2122-S04.jpg,2122,147773,"Animation, Comedy, Family","16, 35, 10751",Martin Archer,,"David Herman, Joanna Gleason, Jonathan Joss, Eloy Casados",matched (episode pull)
KTH042,King of the Hill,4,8,Not in My Back-hoe,"Jealous of Hank's new acquaintance, Bill and Dale give Hank an ultimatum, and compound their mistake when they try to make amends.",1999-11-28,22,8.0,4,/dw6jhJ7B0fVCFAvDMJ3v8cUg7lN.jpg,KTH042.jpg,/cEfduHDxc6fAOdaAY0QuKKq9cjM.jpg,2122-S04.jpg,2122,147789,"Animation, Comedy, Family","16, 35, 10751",Shaun Cashman,Paul Lieberstein,"Drew Carey, Dave Thomas",matched (episode pull)
KTH043,King of the Hill,4,10,Hillennium,A propane shortage gives Hank Y2K fears that alter his Christmas-gift plans; Dale's stash of hoarded goods is destroyed by a hamster that he was planning to use for food.,1999-12-19,22,8.75,4,/200NOwiTSkqNcukDXGWo1wTwtZg.jpg,KTH043.jpg,/cEfduHDxc6fAOdaAY0QuKKq9cjM.jpg,2122-S04.jpg,2122,147790,"Animation, Comedy, Family","16, 35, 10751",Tricia Garcia,Johnny Hardwick,David Herman,matched (episode pull)
KTH044,King of the Hill,4,12,Rodeo Days,"Bobby's new calling is rodeo roping, but his first experience with livestock introduces him to an ambition even greater--at least to Bobby.",2000-01-16,22,8.25,4,/yziOHLc5qohaIRvr0m6tmV2Zquy.jpg,KTH044.jpg,/cEfduHDxc6fAOdaAY0QuKKq9cjM.jpg,2122-S04.jpg,2122,147804,"Animation, Comedy, Family","16, 35, 10751",Cyndi Tang,Jon Vitti,"David Herman, Andrew Lawrence",matched (episode pull)
KTH045,King of the Hill,4,13,Hanky Panky,Hank and Peggy are caught in the middle after Strickland's wife catches him with his girlfriend.,2000-02-06,22,9.0,3,/qRK6iRtgbWdqRwyF4aeOulZf6Bb.jpg,KTH045.jpg,/cEfduHDxc6fAOdaAY0QuKKq9cjM.jpg,2122-S04.jpg,2122,147798,"Animation, Comedy, Family","16, 35, 10751","Adam Kuhlman, Jeff Myers","Jim Dauterive, Alan R. Cohen, Alan Freedland","Reese Witherspoon, Kathleen Turner, Phil Hendrie, David Herman, Lane Smith",matched (episode pull)
KTH046,King of the Hill,4,14,High Anxiety,Hank becomes the prime suspect in an investigation led by Sheriff Buford.,2000-02-13,22,9.667,3,/qF8dCbltC6DofJ7GiJGSo8wcajY.jpg,KTH046.jpg,/cEfduHDxc6fAOdaAY0QuKKq9cjM.jpg,2122-S04.jpg,2122,147802,"Animation, Comedy, Family","16, 35, 10751",Adam Kuhlman,"Alan R. Cohen, Alan Freedland","Mac Davis, Reese Witherspoon, Kathleen Turner, David Herman, Phil LaMarr",matched (episode pull)
KTH047,King of the Hill,4,17,Bill of Sales,"Bill becomes Peggy's star--and only--salesman in a health-food sales operation, and his profits net them a trip to a conference in San Antonio, where they must share a room.",2000-03-12,22,10.0,2,/4EyPXdfkVURO5v3ElYovyVgymvd.jpg,KTH047.jpg,/cEfduHDxc6fAOdaAY0QuKKq9cjM.jpg,2122-S04.jpg,2122,147807,"Animation, Comedy, Family","16, 35, 10751",Dominic Polcino,Paul Lieberstein,Teri Garr,matched (episode pull)
KTH048,King of the Hill,4,18,Won't You Pimai Neighbor?,Buddhist monks think Bobby is a reincarnated Lama.,2000-03-19,22,8.25,4,/gANMYB4ZZmfF5hLGIgwSpbC8XIB.jpg,KTH048.jpg,/cEfduHDxc6fAOdaAY0QuKKq9cjM.jpg,2122-S04.jpg,2122,147809,"Animation, Comedy, Family","16, 35, 10751",,,"Soon-Tek Oh, Karen Maruyama, David Herman",matched (episode pull)
KTH049,King of the Hill,4,20,Meet the Propaniacs,"Bobby's impromptu comedy at a propane sale prompts Strickland to send him on the road to entertain at other outlets, leading to a big trade show in front of the Texas propane president.",2000-04-16,22,8.25,4,/2bKId2Pj7bTwkfXdgCvotC9TkyQ.jpg,KTH049.jpg,/cEfduHDxc6fAOdaAY0QuKKq9cjM.jpg,2122-S04.jpg,2122,147811,"Animation, Comedy, Family","16, 35, 10751",Shaun Cashman,Kit Boss,Lane Smith,matched (episode pull)
KTH050,King of the Hill,4,22,Flush with Power,"Water restrictions prompt Hank to join the zoning board, while Bobby blackmails Kahn for bribing a water-meter reader.",2000-05-07,22,9.25,4,/uHINUnXSt8YFtnl9vz2YWtQOJNA.jpg,KTH050.jpg,/cEfduHDxc6fAOdaAY0QuKKq9cjM.jpg,2122-S04.jpg,2122,147813,"Animation, Comedy, Family","16, 35, 10751",Allan Jacobsen,Peter Huyck,"Phil LaMarr, David Herman, Lane Smith",matched (episode pull)
KTH051,King of the Hill,4,23,Transnational Amusements Presents: Peggy's Magic Sex Feet,"Peggy's embarrassment about her big feet ends when she meets a fetishist who directs her in a video Hank thinks is dirty, but Peggy approves of--wholefootedly.",2000-05-14,22,5.9,5,/k1P7cyDhI8m1xrMATNYLTRJ4gel.jpg,KTH051.jpg,/cEfduHDxc6fAOdaAY0QuKKq9cjM.jpg,2122-S04.jpg,2122,147812,"Animation, Comedy, Family","16, 35, 10751",Cyndi Tang,Jonathan Collier,"Sydney Pollack, Joanna Gleason, David Herman",matched (episode pull)
KTH052,King of the Hill,5,1,The Perils of Polling,"Bobby's act of heroism leads the Hills to a meeting with candidate George Dub-Ya, who turns Hank's vote from sure to tentative with the shake of a hand.",2000-10-01,22,7.5,2,/o9f03WmvS6U7TLpQDboheYgZ7G9.jpg,KTH052.jpg,/p7M0keqak0MpmBWC3wMkQh1tqWW.jpg,2122-S05.jpg,2122,147837,"Animation, Comedy, Family","16, 35, 10751",,Jim Dauterive,"David Herman, Phil Hendrie, Jeanine Jackson, Jim Ward",matched (episode pull)
KTH053,King of the Hill,5,4,Spin the Choice,"Bobby rejects Thanksgiving after history lessons from John Redcorn, who longs to be a real father to his illegitimate son Joseph.",2000-11-19,22,7.333,3,/pdn84XdMWs131R41xTO9yUNwhXk.jpg,KTH053.jpg,/p7M0keqak0MpmBWC3wMkQh1tqWW.jpg,2122-S05.jpg,2122,147841,"Animation, Comedy, Family","16, 35, 10751",Allan Jacobsen,Paul Lieberstein,"Breckin Meyer, Jonathan Joss",matched (episode pull)
KTH054,King of the Hill,5,7,What Makes Bobby Run?,"Bobby goes all-out to become school mascot, a high-profile post that suffers a low blow when he avoids a time-honored tradition.",2000-12-10,22,8.0,2,/mf194wzMYxQfFj6BrUdSDb2bnKu.jpg,KTH054.jpg,/p7M0keqak0MpmBWC3wMkQh1tqWW.jpg,2122-S05.jpg,2122,147847,"Animation, Comedy, Family","16, 35, 10751",Cyndi Tang,"Peter Huyck, Alex Gregory","John Ritter, Ryan Janis",matched (episode pull)
KTH055,King of the Hill,5,11,Hank and the Great Glass Elevator,Bill and former Texas governor Ann Richards hit it off after a chance meeting resulting from Hank's reluctant prank in an Austin hotel.,2001-02-11,22,7.8,5,/c94ctHkSnSzSDhkNjFeVo2wroXX.jpg,KTH055.jpg,/p7M0keqak0MpmBWC3wMkQh1tqWW.jpg,2122-S05.jpg,2122,147852,"Animation, Comedy, Family","16, 35, 10751",Gary McCarver,Jonathan Collier,"Ellen Barkin, Ann Richards, David Herman",matched (episode pull)
KTH056,King of the Hill,5,13,Ho Yeah!,"Unaware that the new employee at Strickland Propane is a prostitute, Peggy becomes her best friend and even offers her a place to stay--Hank's den.",2001-02-25,22,7.333,9,/ytB1v5kq1ZzJKRVelwzLuWQmfGW.jpg,KTH056.jpg,/p7M0keqak0MpmBWC3wMkQh1tqWW.jpg,2122-S05.jpg,2122,147879,"Animation, Comedy, Family","16, 35, 10751",Tricia Garcia,Peter Huyck,"Snoop Dogg, Renée Zellweger, David Herman, Dave Thomas",matched (episode pull)
KTH057,King of the Hill,5,14,The Exterminator,Repeated exposure to poisons forces Dale out of extermination and into a desk job that leads him back into extermination--of careers.,2001-03-04,22,8.667,3,/kaE3VHF91ewaO8dfL8CYmnjDZE3.jpg,KTH057.jpg,/p7M0keqak0MpmBWC3wMkQh1tqWW.jpg,2122-S05.jpg,2122,147877,"Animation, Comedy, Family","16, 35, 10751",Shaun Cashman,,"Breckin Meyer, Lisa Kudrow, Stephen Tobolowsky, David Herman, Jim Dauterive",matched (episode pull)
KTH058,King of the Hill,5,16,Hank's Choice,"When Bobby develops an allergy to Ladybird, Hank builds a doghouse, an elaborate accommodation that's perfect--for Bobby.",2001-04-01,22,7.333,3,/jRfENa2mxDGDNIuk7zwSXykx08S.jpg,KTH058.jpg,/p7M0keqak0MpmBWC3wMkQh1tqWW.jpg,2122-S05.jpg,2122,147858,"Animation, Comedy, Family","16, 35, 10751",,Jon Vitti,David Herman,matched (episode pull)
KTH059,King of the Hill,5,17,It's Not Easy Being Green,"Hank joins Bobby's environmental effort, but only to preserve a long-time cover-up concerning a mishap with Boomhauer's car in high school.",2001-04-08,22,7.0,2,/65GS0UnvE54N7GqZJ9BuBGKkDou.jpg,KTH059.jpg,/p7M0keqak0MpmBWC3wMkQh1tqWW.jpg,2122-S05.jpg,2122,147859,"Animation, Comedy, Family","16, 35, 10751",Jeff Myers,,"David Herman, Paul Giamatti, Chelcie Ross",matched (episode pull)
KTH060,King of the Hill,5,18,The Trouble with Gribbles,"Dale plans to buy Nancy a face-lift by suing a tobacco company, which countersues--and carelessly bugs his home.",2001-04-22,22,7.5,2,/hExtrLmgLuo27Jv0Nww9jZCztEx.jpg,KTH060.jpg,/p7M0keqak0MpmBWC3wMkQh1tqWW.jpg,2122-S05.jpg,2122,147860,"Animation, Comedy, Family","16, 35, 10751",Shaun Cashman,Jim Dauterive,"David Herman, Castulo Guerra, Phil Hendrie, Robert Stack",matched (episode pull)
KTH061,King of the Hill,5,19,Hank's Back Story,"Wearing a prosthetic rump relieves Hank's back pain, but makes him the butt of friends' jokes as they all prepare for a riding-mower race.",2001-05-06,22,8.5,2,/6qKVzuG3QkP5OK3BxrT0SE2I82k.jpg,KTH061.jpg,/p7M0keqak0MpmBWC3wMkQh1tqWW.jpg,2122-S05.jpg,2122,147861,"Animation, Comedy, Family","16, 35, 10751",Cyndi Tang,"Alan R. Cohen, Alan Freedland","Harry Groener, Tom McGowan, Dave Thomas",matched (episode pull)
KTH062,King of the Hill,5,20,Kidney Boy and Hamster Girl: A Love Story,Bobby avoids a beating by high schoolers by pretending to be one of them.,2001-05-13,22,8.0,2,/X8PFw6YfBbW8ixbRO7iubQMVQx.jpg,KTH062.jpg,/p7M0keqak0MpmBWC3wMkQh1tqWW.jpg,2122-S05.jpg,2122,147864,"Animation, Comedy, Family","16, 35, 10751",Gary McCarver,Garland Testa,"Breckin Meyer, Natasha Melnick, Madeline Zima, Gwen Stefani, Adrian Young",matched (episode pull)
KTH063,King of the Hill,5,10,Yankee Hankie,"While a distraught Hank tries to deal with the fact that he wasn't born in Texas, Cotton and his buddies once again make plans to assassinate Fidel Castro.",2001-02-04,22,8.25,4,/ab6HIQ6CUQuRyBGW792KDciVAwZ.jpg,KTH063.jpg,/p7M0keqak0MpmBWC3wMkQh1tqWW.jpg,2122-S05.jpg,2122,147851,"Animation, Comedy, Family","16, 35, 10751",Adam Kuhlman,Kit Boss,"Jack Carter, Ed Asner, K Callan",matched (episode pull)
KTH064,King of the Hill,5,15,Luanne Virgin 2.0,"As Luanne's sponsor in a sexual-abstinence program, Peggy has to testify about her lifetime total of sexual partners--and it's more than one.",2001-03-11,22,7.333,3,/6BLWQbKhyvODFCduQEqXqC0dUg.jpg,KTH064.jpg,/p7M0keqak0MpmBWC3wMkQh1tqWW.jpg,2122-S05.jpg,2122,147881,"Animation, Comedy, Family","16, 35, 10751","Adam Kuhlman, Shaun Cashman",Kit Boss,"Nathan Fillion, Owen Wilson",matched (episode pull)
KTH065,King of the Hill,6,1,Bobby Goes Nuts,Bobby goes from bullied to bully after learning a counterattack move in a self-defense class--for women.,2001-11-11,22,9.667,3,/pbDtAEhnsjkfcAsMAgIY3plDDAZ.jpg,KTH065.jpg,/iNqhRiSAmMMMBPqw1AqgEmAfBc0.jpg,2122-S06.jpg,2122,147884,"Animation, Comedy, Family","16, 35, 10751",Tricia Garcia,Norm Hiscock,"Breckin Meyer, Madeline Zima, Dennis Burkley",matched (episode pull)
KTH066,King of the Hill,6,2,Soldier of Misfortune,"After an accident at his gun club destroys Dale's confidence, Peggy proposes sending him on a bogus mercenary mission, which he fouls up.",2001-12-09,22,9.0,2,/iQ0lb3ZQTcjv7jrm1L3dMHSOSvZ.jpg,KTH066.jpg,/iNqhRiSAmMMMBPqw1AqgEmAfBc0.jpg,2122-S06.jpg,2122,147886,"Animation, Comedy, Family","16, 35, 10751",Anthony Lioi,J.B. Cook,"Breckin Meyer, Gary Busey, Phil LaMarr",matched (episode pull)
KTH067,King of the Hill,6,3,Lupe's Revenge,A female cop gets a hankerin' for Hank; Peggy accidentally brings back a native child after a school field trip to Mexico.,2001-12-12,22,7.0,2,/2HeysolFCrYLigDECmhhOYasDDz.jpg,KTH067.jpg,/iNqhRiSAmMMMBPqw1AqgEmAfBc0.jpg,2122-S06.jpg,2122,147902,"Animation, Comedy, Family","16, 35, 10751",Allan Jacobsen,,"Carlos Alazraqui, Castulo Guerra, Marisabel García, Marcelo Tubert, Kathy Bates",matched (episode pull)
KTH068,King of the Hill,6,4,"The Father, the Son, and J.C.","Hank's emotional outburst pushes him further from his father, so Bobby drafts Jimmy Carter to broker a Christmas peace.",2001-12-16,22,7.333,3,/sampFEpWlCPCtmv2TicdCPRpF8N.jpg,KTH068.jpg,/iNqhRiSAmMMMBPqw1AqgEmAfBc0.jpg,2122-S06.jpg,2122,147904,"Animation, Comedy, Family","16, 35, 10751","Tricia Garcia, Cyndi Tang",Etan Cohen,David Herman,matched (episode pull)
KTH069,King of the Hill,6,7,Torch Song Hillogy,"Peggy nominates Bobby to carry the Olympic torch through Arlen, but it's Hank who wins the honor--and bungles it.",2002-02-17,22,7.333,3,/y4QNL1G8QNPi5DLDnWKI9Is7Auk.jpg,KTH069.jpg,/iNqhRiSAmMMMBPqw1AqgEmAfBc0.jpg,2122-S06.jpg,2122,147907,"Animation, Comedy, Family","16, 35, 10751",Anthony Lioi,Emily Spivey,"Caitlyn Jenner, Phil LaMarr, David Herman",matched (episode pull)
KTH070,King of the Hill,6,9,The Bluegrass Is Always Greener,"Hank and the boys recruit Connie for a bluegrass fiddle contest, but Kahn insists that she focus on classical music.",2002-02-24,22,9.0,2,/rdgTDg3GRy3Axlc1erBJIJNr51y.jpg,KTH070.jpg,/iNqhRiSAmMMMBPqw1AqgEmAfBc0.jpg,2122-S06.jpg,2122,147909,"Animation, Comedy, Family","16, 35, 10751",Tricia Garcia,Norm Hiscock,"Yakov Smirnoff, Vince Gill, Charlie Daniels",matched (episode pull)
KTH071,King of the Hill,6,11,Unfortunate Son,"Cotton's financially strapped VFW group moves into Hank's home, prompting Hank to recruit Vietnam vets, to whom Cotton doesn't exactly cotton.",2002-03-10,22,7.5,2,/u3vPq4rsTtU8XIAgYbhbh1cvLWV.jpg,KTH071.jpg,/iNqhRiSAmMMMBPqw1AqgEmAfBc0.jpg,2122-S06.jpg,2122,147912,"Animation, Comedy, Family","16, 35, 10751",Anthony Lioi,Peter Huyck,"Jack Carter, Ed Asner, David Herman, John C. McGinley, Phil LaMarr",matched (episode pull)
KTH072,King of the Hill,6,12,"Are You There God? It's Me, Margaret Hill","Unable to find a full-time teaching job, Peggy pretends to be a nun to land a position at a Catholic school, ending her budding career at Strickland Propane.",2002-03-17,22,5.5,2,/rsecvv0NXjVF4Yqa0yc9Qc7htB6.jpg,KTH072.jpg,/iNqhRiSAmMMMBPqw1AqgEmAfBc0.jpg,2122-S06.jpg,2122,147913,"Animation, Comedy, Family","16, 35, 10751",Gary McCarver,,"Cynthia Stevenson, Kathryn Harrold, Dennis Burkley",matched (episode pull)
KTH073,King of the Hill,6,13,Tankin' It to the Streets,"After learning the Army used him as a guinea pig for an experimental drug, Bill gets drunk and steals a tank. And it's up to his friends to try to return it.",2002-03-31,22,8.0,2,/iDS3PyqxEFjNJMfHKS313VrIhyg.jpg,KTH073.jpg,/iNqhRiSAmMMMBPqw1AqgEmAfBc0.jpg,2122-S06.jpg,2122,147915,"Animation, Comedy, Family","16, 35, 10751",Monte Young,"Alan R. Cohen, Alan Freedland",David Herman,matched (episode pull)
KTH074,King of the Hill,6,14,Of Mice and Little Green Men,"When Hank and Dale find more interest in the activities of the other's son, Dale concludes he's not Joseph's father--and that an alien is.",2002-04-07,22,5.0,5,/6tJ1F9JokI4caDfdQOjAXpc0ZKg.jpg,KTH074.jpg,/iNqhRiSAmMMMBPqw1AqgEmAfBc0.jpg,2122-S06.jpg,2122,147917,"Animation, Comedy, Family","16, 35, 10751",Shaun Cashman,"Sivert Glarum, Michael Jamin",Breckin Meyer,matched (episode pull)
KTH075,King of the Hill,6,15,A Man Without a Country Club,"Kahn covets membership in an all-Asian country club, but it's Hank who's asked to join--as a token white to secure a PGA tournament.",2002-04-14,22,7.5,2,/kBgOLalAo27VgIdJcMak8lB1kT3.jpg,KTH075.jpg,/iNqhRiSAmMMMBPqw1AqgEmAfBc0.jpg,2122-S06.jpg,2122,147918,"Animation, Comedy, Family","16, 35, 10751","Boohwan Lim, Kyounghee Lim",Kit Boss,"Peter Kwong, Denice Kumagai",matched (episode pull)
KTH076,King of the Hill,6,16,Beer and Loathing,"Peggy gets a job at Alamo Beer, but a clause in her contract prevents her from telling Hank why Texas is completely devoid of the brew for the next 36 hours.",2002-04-14,22,8.333,3,/eQFnb0xCQdiI7k0bTlGebfiaMCp.jpg,KTH076.jpg,/iNqhRiSAmMMMBPqw1AqgEmAfBc0.jpg,2122-S06.jpg,2122,147919,"Animation, Comedy, Family","16, 35, 10751",Dominic Polcino,Etan Cohen,"Megan Mullally, David Herman",matched (episode pull)
KTH077,King of the Hill,6,17,Fun with Jane and Jane,"Oblivious to its cultlike ways, Luanne joins a sorority and gets Peggy in too; Hank and the boys rescue emus from death, but don't know what to do with them.",2002-04-21,22,8.0,2,/f65FI4gj1PeAqTYrOq4sfzywuPh.jpg,KTH077.jpg,/iNqhRiSAmMMMBPqw1AqgEmAfBc0.jpg,2122-S06.jpg,2122,147920,"Animation, Comedy, Family","16, 35, 10751",Adam Kuhlman,Garland Testa,"Anna Faris, Tara Strong, David Herman, Stephanie Fybel",matched (episode pull)
KTH078,King of the Hill,6,18,My Own Private Rodeo,Hank learns that the incident estranging Dale from his cowboy father was a cover to keep him in the dark about Dad being in the closet.,2002-04-28,22,4.5,2,/kBmRynIX0YgWuBbAl3udINbgJ5Q.jpg,KTH078.jpg,/iNqhRiSAmMMMBPqw1AqgEmAfBc0.jpg,2122-S06.jpg,2122,147921,"Animation, Comedy, Family","16, 35, 10751",Cyndi Tang,Peter Huyck,"Breckin Meyer, David Herman",matched (episode pull)
KTH079,King of the Hill,6,19,Sug Night,Hank is shaken after having a dream about grilling burgers...naked...with Nancy. And the situation is stirred when Peggy finds out.,2002-05-05,22,7.0,2,/kbFrQvgXUuI4POTwMwzTd3wKOWo.jpg,KTH079.jpg,/iNqhRiSAmMMMBPqw1AqgEmAfBc0.jpg,2122-S06.jpg,2122,147922,"Animation, Comedy, Family","16, 35, 10751",Adam Kuhlman,Peter Huyck,Jonathan Joss,matched (episode pull)
KTH080,King of the Hill,6,21,Returning Japanese (1),"The Hills are off to Japan so Cotton can apologize to the widow of a soldier he killed in WWII, but something about Cotton's story doesn't quite add up.",2002-05-12,22,8.5,2,/lq9BZnYXkT93dXsskWR5nsJ0KPK.jpg,KTH080.jpg,/iNqhRiSAmMMMBPqw1AqgEmAfBc0.jpg,2122-S06.jpg,2122,147924,"Animation, Comedy, Family","16, 35, 10751",Allan Jacobsen,"Kit Boss, Etan Cohen","David Herman, James Sie, Jonathan Joss, Amy Hill, Keone Young",matched (episode pull)
KTH081,King of the Hill,6,22,Returning Japanese (2),Cotton runs amuck in Tokyo when rejected by his newly found Japanese son.,2002-05-12,22,9.0,1,/samblzI3k9nFgngg7VxmMh2gps9.jpg,KTH081.jpg,/iNqhRiSAmMMMBPqw1AqgEmAfBc0.jpg,2122-S06.jpg,2122,147925,"Animation, Comedy, Family","16, 35, 10751",Anthony Lioi,"Peter Huyck, Alex Gregory","David Herman, James Sie, Jonathan Joss, Amy Hill, Keone Young",matched (episode pull)
KTH082,King of the Hill,7,1,Get Your Freak Off,"Bobby meets a new girl, but Hank objects to her parents' liberal parenting style.",2002-11-03,22,7.667,3,/lsddqkeD34SdQKF378RhXSB9PTr.jpg,KTH082.jpg,/xEPF2vM3mCZ1VWI8R1aC4zh0SEX.jpg,2122-S07.jpg,2122,147927,"Animation, Comedy, Family","16, 35, 10751",Tricia Garcia,Garland Testa,"Breckin Meyer, Elizabeth Perkins, Milla Jovovich, Debra Messing, Eliza Dushku",matched (episode pull)
KTH083,King of the Hill,7,2,The Fat and the Furious,A competitive eating groupie encourages Bill to enter a hot dog eating contest.,2002-11-10,22,6.75,4,/5RvYgYKLQ8QTQLSvIZXUeNyXX1y.jpg,KTH083.jpg,/xEPF2vM3mCZ1VWI8R1aC4zh0SEX.jpg,2122-S07.jpg,2122,147926,"Animation, Comedy, Family","16, 35, 10751",Allan Jacobsen,Peter Huyck,"Kid Rock, James Sie, Jeff Garlin, Pamela Anderson, David Herman",matched (episode pull)
KTH084,King of the Hill,7,3,"Bad Girls, Bad Girls, Whatcha Gonna Do","Connie's delinquent cousin captivates Bobby, who's oblivious when she turns their science project into a drug lab.",2002-11-17,22,8.25,4,/rUyIfR7sq2L30Cz2gdobzGp3l6F.jpg,KTH084.jpg,/xEPF2vM3mCZ1VWI8R1aC4zh0SEX.jpg,2122-S07.jpg,2122,147929,"Animation, Comedy, Family","16, 35, 10751",,,"Breckin Meyer, David Herman, Lucy Liu, Dennis Burkley",matched (episode pull)
KTH085,King of the Hill,7,4,Goodbye Normal Jeans,"Hank is opposed to Bobby's taking Home Economics, until his domestic skills outshine those of Peggy, who tries to sabotage his Thanksgiving meal.",2002-11-24,22,8.5,4,/281zFbCYiWndXKerAtY5bWlU80d.jpg,KTH085.jpg,/xEPF2vM3mCZ1VWI8R1aC4zh0SEX.jpg,2122-S07.jpg,2122,147959,"Animation, Comedy, Family","16, 35, 10751",,Kit Boss,Mary Scheer,matched (episode pull)
KTH086,King of the Hill,7,5,Dances with Dogs,"A dog-dancing contest pits Hank and Ladybird against Bobby and Connie's dog, while Bill tries to partner with a rottweiler.",2002-12-01,22,7.25,4,/hD1rb7w8jQTHq6bfCeVHKB1goi6.jpg,KTH086.jpg,/xEPF2vM3mCZ1VWI8R1aC4zh0SEX.jpg,2122-S07.jpg,2122,147961,"Animation, Comedy, Family","16, 35, 10751",Anthony Lioi,,"Scott Hamilton, David Herman",matched (episode pull)
KTH087,King of the Hill,7,6,The Son Also Roses,"Bobby's preference for gardening over gridiron irks Hank, until he enters Bobby in a rose-growing contest.",2002-12-08,22,7.0,3,/1MTni73cGyHk90wX28oF2iNx8sK.jpg,KTH087.jpg,/xEPF2vM3mCZ1VWI8R1aC4zh0SEX.jpg,2122-S07.jpg,2122,147935,"Animation, Comedy, Family","16, 35, 10751",Dominic Polcino,Dan Sterling,"Breckin Meyer, Michael Clarke Duncan, Phil LaMarr, Betty White, David Herman",matched (episode pull)
KTH088,King of the Hill,7,7,The Texas Skillsaw Massacre,Hank is ordered to take an anger-management class after accidentally cutting one of Dale's fingers off. Dale claims it was retaliation for his causing Hank's kitchen floor to collapse.,2002-12-15,22,7.667,3,/iUpvMi9ZUhkcJ0XGkg51CIXQ4UK.jpg,KTH088.jpg,/xEPF2vM3mCZ1VWI8R1aC4zh0SEX.jpg,2122-S07.jpg,2122,147931,"Animation, Comedy, Family","16, 35, 10751",Shaun Cashman,,"Phil Hendrie, David Herman, Chuck Mangione",matched (episode pull)
KTH089,King of the Hill,7,8,Full Metal Dust Jacket,"Seeking an invitation to a book club, Peggy takes over the lease for a bookstore, where business is a bust--until she lets Dale sell guns there, too.",2003-01-05,22,6.667,3,/fvxSwHG8hx5XarlviEl0cXR4Z3l.jpg,KTH089.jpg,/xEPF2vM3mCZ1VWI8R1aC4zh0SEX.jpg,2122-S07.jpg,2122,147932,"Animation, Comedy, Family","16, 35, 10751",Adam Kuhlman,Dan McGrath,"Peri Gilpin, Michael McShane, Allison Janney, David Herman, Amanda Carlin",matched (episode pull)
KTH090,King of the Hill,7,9,Pigmalion,"A local pork producer is impressed by Luanne, who goes to his home for a job interview but comes away as his girlfriend.",2003-01-12,22,4.5,4,/xveSfqCGQLku6cuX62q04MSARZQ.jpg,KTH090.jpg,/xEPF2vM3mCZ1VWI8R1aC4zh0SEX.jpg,2122-S07.jpg,2122,147939,"Animation, Comedy, Family","16, 35, 10751",Dominic Polcino,Jonathan Collier,"Marcelo Tubert, Michael Keaton, Norwood Cheek",matched (episode pull)
KTH091,King of the Hill,7,10,Megalo Dale,"Dale exterminates at the Mega Lo Mart, thanks to an endorsement from a reluctant Hank.",2003-01-12,22,8.667,3,/6tAzb4YP4lvBTpUm2kDdJG69dfx.jpg,KTH091.jpg,/xEPF2vM3mCZ1VWI8R1aC4zh0SEX.jpg,2122-S07.jpg,2122,147937,"Animation, Comedy, Family","16, 35, 10751",Cyndi Tang,J.B. Cook,"Topher Grace, Tom Arnold, Danny Masterson, David Herman, Chuck Mangione",matched (episode pull)
KTH092,King of the Hill,7,11,Boxing Luanne,"Luanne becomes a boxer and, buoyed by success in fixed fights, challenges George Foreman's daughter.",2003-02-02,22,6.333,3,/wUFlIyB6wvHnx8xlRnO9gslg0Cr.jpg,KTH092.jpg,/xEPF2vM3mCZ1VWI8R1aC4zh0SEX.jpg,2122-S07.jpg,2122,147940,"Animation, Comedy, Family","16, 35, 10751",Michael Dante DiMartino,,"Freeda Foreman, George Foreman, David Herman, Bruce Dern, Carmen Electra",matched (episode pull)
KTH093,King of the Hill,7,12,Vision Quest,"Worried about how Dale is raising Joseph, John Redcorn asks Hank to take the boy he fathered on a Native American rite of passage.",2003-02-09,22,7.667,3,/kKqLh3IeGeowUVdRas6hJXh40Us.jpg,KTH093.jpg,/xEPF2vM3mCZ1VWI8R1aC4zh0SEX.jpg,2122-S07.jpg,2122,147944,"Animation, Comedy, Family","16, 35, 10751",Dominic Polcino,Etan Cohen,"Breckin Meyer, David Herman, Jonathan Joss, Norwood Cheek, Kyle Howard",matched (episode pull)
KTH094,King of the Hill,7,16,The Miseducation of Bobby Hill,"Despite a lack of seasoning that Hank deems mandatory, Bobby becomes a whiz at selling propane grills; Bill takes an inadvertent balloon ride.",2003-03-16,22,8.2,5,/il5l7vowJ5Dg5c1ZvBBDKXSijL.jpg,KTH094.jpg,/xEPF2vM3mCZ1VWI8R1aC4zh0SEX.jpg,2122-S07.jpg,2122,147951,"Animation, Comedy, Family","16, 35, 10751",Tricia Garcia,,David Herman,matched (episode pull)
KTH095,King of the Hill,7,18,I Never Promised You an Organic Garden,"Peggy takes over the organic garden at Bobby's school, but an insect infestation threatens her hope of making the post permanent.",2003-04-13,22,8.0,5,/4TC9XM4SgJ7Pt1OuEm6vjYuXKFP.jpg,KTH095.jpg,/xEPF2vM3mCZ1VWI8R1aC4zh0SEX.jpg,2122-S07.jpg,2122,147950,"Animation, Comedy, Family","16, 35, 10751",Adam Kuhlman,,"Martin Starr, Phil LaMarr, Monica Keena, David Herman, Dennis Burkley",matched (episode pull)
KTH096,King of the Hill,7,19,Be True to Your Fool,"After inadvertently spreading lice to his buddies, a shunned and depressed Bill winds up in jail, where his popularity soars.",2003-04-27,22,7.75,4,/kdECIjI35uyvsq29hgXZsUXUv27.jpg,KTH096.jpg,/xEPF2vM3mCZ1VWI8R1aC4zh0SEX.jpg,2122-S07.jpg,2122,147957,"Animation, Comedy, Family","16, 35, 10751",Anthony Lioi,Dan McGrath,"Dave Thomas, David Herman, Phil LaMarr",matched (episode pull)
KTH097,King of the Hill,7,20,Racist Dawg,"A handyman sees racism in a bite from Ladybird, suspected of picking up subconscious cues from her master, Hank.",2003-05-04,22,7.4,5,/zLgBAZ9o7vSbG7Zz9ZbRFY4imiV.jpg,KTH097.jpg,/xEPF2vM3mCZ1VWI8R1aC4zh0SEX.jpg,2122-S07.jpg,2122,147956,"Animation, Comedy, Family","16, 35, 10751",Michael Dante DiMartino,J.B. Cook,"David Herman, Phil LaMarr, Danny Trejo, Bernie Mac",matched (episode pull)
KTH098,King of the Hill,7,21,Night and Deity,A pest-control expert's chemistry with Dale worries Nancy; Hank is the designated driver as Luanne turns 21.,2003-05-11,22,8.167,6,/fhb615rrphIp1ARqHv30tnmLlnR.jpg,KTH098.jpg,/xEPF2vM3mCZ1VWI8R1aC4zh0SEX.jpg,2122-S07.jpg,2122,147955,"Animation, Comedy, Family","16, 35, 10751",Gary McCarver,Garland Testa,"Janeane Garofalo, Phil LaMarr, James Sie, Monica Keena, Jonathan Joss",matched (episode pull)
KTH099,King of the Hill,7,22,Maid in Arlen,"To escape her daughter-in-law, Kahn's mother does maid work for the Hills, and for Bill, who finds the woman romantically made-to-order.",2003-05-18,22,8.0,4,/5P3x0NlMM5NoXocwE5V66Bro2F1.jpg,KTH099.jpg,/xEPF2vM3mCZ1VWI8R1aC4zh0SEX.jpg,2122-S07.jpg,2122,147958,"Animation, Comedy, Family","16, 35, 10751",,Dan Sterling,Amy Hill,matched (episode pull)
KTH100,King of the Hill,7,23,The Witches of East Arlen,Reading tarot cards introduces Bobby to a coven of compatriots who want to train him to become a wizard.,2003-05-18,22,8.2,5,/kNpHDNguFFdmQlXGp4KwMW95Doa.jpg,KTH100.jpg,/xEPF2vM3mCZ1VWI8R1aC4zh0SEX.jpg,2122-S07.jpg,2122,147963,"Animation, Comedy, Family","16, 35, 10751",Matt Engstrom,,"Breckin Meyer, David Cross, John Ritter, David Herman, Jonathan Joss",matched (episode pull)
KTH101,King of the Hill,7,15,An Officer and a Gentle Boy,"To toughen up Bobby, Hank decides to send him to Cotton's old boot camp, unaware that lawsuits have altered the severe conditions.",2003-03-09,22,8.0,4,/sDboPrDbTGCR2X0q6YmuwiF2dFr.jpg,KTH101.jpg,/xEPF2vM3mCZ1VWI8R1aC4zh0SEX.jpg,2122-S07.jpg,2122,147952,"Animation, Comedy, Family","16, 35, 10751",Gary McCarver,Dan Sterling,"Breckin Meyer, Phil Hendrie",matched (episode pull)
KTH102,King of the Hill,8,2,Reborn to Be Wild,"Hank likes Bobby's new Christian youth group, but not their methods of worship, which include skateboarding and punk rock.",2003-11-09,22,7.667,6,/iiO2wosN9LoJ6vDqHROaiAnaxPI.jpg,KTH102.jpg,/qoOWFxUEsJZQozcoh68TCa5ayvO.jpg,2122-S08.jpg,2122,147971,"Animation, Comedy, Family","16, 35, 10751",Dominic Polcino,,"Gene Simmons, David Herman, Breckin Meyer, Deryck Whibley, Steve Jocz",matched (episode pull)
KTH103,King of the Hill,8,4,The Incredible Hank,"Peggy overdoes it when she secretly slips Hank a testosterone supplement to combat his work-related stress. But he feels great, until he finds out.",2003-11-23,22,7.6,5,/hyg1tnT1rKYpx6ztcXZXYLCRDsI.jpg,KTH103.jpg,/qoOWFxUEsJZQozcoh68TCa5ayvO.jpg,2122-S08.jpg,2122,148012,"Animation, Comedy, Family","16, 35, 10751",Wes Archer,Dan Sterling,"Breckin Meyer, Danny Trejo, Nicky Katt",matched (episode pull)
KTH104,King of the Hill,8,7,"Livin' on Reds, Vitamin C and Propane","Hank and Bobby take an 18-wheeler to Arizona, with Dale, Bill and Boomhauer as stowaways.",2003-12-14,22,8.25,4,/4x3C4FhcdHbNR2A8lRh9W3g7U2I.jpg,KTH104.jpg,/qoOWFxUEsJZQozcoh68TCa5ayvO.jpg,2122-S08.jpg,2122,147974,"Animation, Comedy, Family","16, 35, 10751",John Rice,Dan McGrath,"Deana Carter, Travis Tritt, K Callan, Brad Paisley, George Strait",matched (episode pull)
KTH105,King of the Hill,8,8,"Rich Hank, Poor Hank","Hank's thriftiness and reluctance to talk about money leads Bobby to believe he's wealthy, a rumor that spreads through the neighborhood.",2004-01-04,22,8.0,4,/3OCwVcADd7lvQrDD7sDYQtJTy1F.jpg,KTH105.jpg,/qoOWFxUEsJZQozcoh68TCa5ayvO.jpg,2122-S08.jpg,2122,147978,"Animation, Comedy, Family","16, 35, 10751",Tricia Garcia,Etan Cohen,"Breckin Meyer, Tara Strong, Dave Thomas, David Herman, Jonathan Joss",matched (episode pull)
KTH106,King of the Hill,8,9,Ceci N'Est Pas Une King of the Hill,"Peggy's entry into the art world is rejected at first, then applauded by a dealer whose promotional method leaves her drawn.",2004-01-25,22,7.25,4,/rLKrWNocQuf1dDDub3zi6iENq0y.jpg,KTH106.jpg,/qoOWFxUEsJZQozcoh68TCa5ayvO.jpg,2122-S08.jpg,2122,147980,"Animation, Comedy, Family","16, 35, 10751",Tricia Garcia,Etan Cohen,"Nicky Katt, Romy Rosemont, Dave Thomas, David Herman",matched (episode pull)
KTH107,King of the Hill,8,11,My Hair Lady,"Arlen's hottest new haircutting team is Luanne and Bill, who charms the ladies by pretending to be gay.",2004-02-15,22,8.0,3,/zWPDbbyaXOpMtMi4lb175swFSuG.jpg,KTH107.jpg,/qoOWFxUEsJZQozcoh68TCa5ayvO.jpg,2122-S08.jpg,2122,147979,"Animation, Comedy, Family","16, 35, 10751",Allan Jacobsen,Wyatt Cenac,"Brian Doyle-Murray, Amy Adams, David Herman, Christina Applegate, Danica McKellar",matched (episode pull)
KTH108,King of the Hill,8,12,Phish and Wildlife,"The boys' annual camping trip is disturbed by a gathering of hippies, who share their food with Bobby and expect sharing in return.",2004-02-22,22,8.0,4,/w6OJ4sH4t2ntaF3nujBCeXuYyvq.jpg,KTH108.jpg,/qoOWFxUEsJZQozcoh68TCa5ayvO.jpg,2122-S08.jpg,2122,147993,"Animation, Comedy, Family","16, 35, 10751",Matt Engstrom,,"Melissa Etheridge, Jamie Kennedy, Fred Willard, Dave Allen, Anna Faris",matched (episode pull)
KTH109,King of the Hill,8,14,Dale Be Not Proud,"Dale donates a kidney to Funny Car racer John Force, and makes Hank his representative in all matters while laid up.",2004-03-14,22,7.6,5,/3o46V2WbglPEXEG6sKdDeUSt9Pv.jpg,KTH109.jpg,/qoOWFxUEsJZQozcoh68TCa5ayvO.jpg,2122-S08.jpg,2122,147994,"Animation, Comedy, Family","16, 35, 10751",Anthony Lioi,Jonathan Collier,"Larry Miller, Ashley Johnson, David Herman, Dennis Burkley, John Force",matched (episode pull)
KTH110,King of the Hill,8,15,"Après Hank, le Deluge","During a flood, Hank's position as emergency-shelter team leader is usurped by Bill when Hank is drafted to watch over a fragile dam.",2004-03-21,22,7.0,3,/6IAqVwN1rG5CCWWiUJbOO8wpI5X.jpg,KTH110.jpg,/qoOWFxUEsJZQozcoh68TCa5ayvO.jpg,2122-S08.jpg,2122,147995,"Animation, Comedy, Family","16, 35, 10751",Gary McCarver,Kit Boss,"Breckin Meyer, David Herman, Phil LaMarr",matched (episode pull)
KTH111,King of the Hill,8,16,DaleTech,"Hank's father becomes part of a civilian police patrol, usurping Dale's self-proclaimed title of neighborhood protector.",2004-03-28,22,7.75,4,/23lDP0qYjfRPg3jTR9ftZraFC1t.jpg,KTH111.jpg,/qoOWFxUEsJZQozcoh68TCa5ayvO.jpg,2122-S08.jpg,2122,148000,"Animation, Comedy, Family","16, 35, 10751",Dominic Polcino,J.B. Cook,"Pat Fraley, Scott Klace, Katherine Crabtree",matched (episode pull)
KTH112,King of the Hill,8,17,How I Learned to Stop Worrying and Love the Alamo,"Ignorance of the Alamo in Bobby's Texas History class prompts Hank to help organize a reenactment, but the author's version is revisionist.",2004-04-18,22,7.75,4,/1OmvFQao7IsVn3ISH8cl1yOGW3Q.jpg,KTH112.jpg,/qoOWFxUEsJZQozcoh68TCa5ayvO.jpg,2122-S08.jpg,2122,148002,"Animation, Comedy, Family","16, 35, 10751",Brian Sheesley,Christy Stratton,"Elizabeth Perkins, David Herman, Dennis Burkley",matched (episode pull)
KTH113,King of the Hill,8,19,Stressed for Success,"Bobby joins his school academic team as the expert in pop culture, but the pressure gets to him.",2004-05-02,22,7.2,5,/cB7ZpF8p7dGpGoIgOMREh972JFp.jpg,KTH113.jpg,/qoOWFxUEsJZQozcoh68TCa5ayvO.jpg,2122-S08.jpg,2122,147997,"Animation, Comedy, Family","16, 35, 10751",Tricia Garcia,"Rebecca May, Tony Gama-Lobo","John Ritter, Tony Denman, David Herman, Breckin Meyer, Kelly Clarkson",matched (episode pull)
KTH114,King of the Hill,8,20,Hank's Back,Hank starts taking yoga classes after injuring his back at work; Peggy bags groceries at a mom and pop store that's having a hard time competing against Megalomart.,2004-05-09,22,7.8,5,/oFJsJKyrVxZNt94z0aIRJ7Pb4aL.jpg,KTH114.jpg,/qoOWFxUEsJZQozcoh68TCa5ayvO.jpg,2122-S08.jpg,2122,148003,"Animation, Comedy, Family","16, 35, 10751",Robin Brigstocke,"Aron Abrams, Greg Thompson","Marg Helgenberger, Johnny Depp, Danny Trejo, Phil Hendrie, David Herman",matched (episode pull)
KTH115,King of the Hill,8,21,The Redneck on Rainey Street,"After Connie becomes a victim of reverse discrimination, Kahn gives up his hopes and dreams and embraces the life of a hillbilly.",2004-05-16,22,7.5,4,/gGgNeSjeLaiGKwP9kARSnbVJGTz.jpg,KTH115.jpg,/qoOWFxUEsJZQozcoh68TCa5ayvO.jpg,2122-S08.jpg,2122,148006,"Animation, Comedy, Family","16, 35, 10751",Gary McCarver,Jim Dauterive,"Tom Petty, Trace Adkins, Elizabeth Perkins, David Herman",matched (episode pull)
KTH116,King of the Hill,8,22,Talking Shop,"Bobby becomes a peer counselor, but gets personally involved with clients.",2004-05-23,22,7.8,5,/pZmL4Nm2AMQy9gfTVrCQ6UrYDAJ.jpg,KTH116.jpg,/qoOWFxUEsJZQozcoh68TCa5ayvO.jpg,2122-S08.jpg,2122,148010,"Animation, Comedy, Family","16, 35, 10751",Anthony Lioi,Garland Testa,"Breckin Meyer, Ashley Johnson, Lindsay Lohan, David Herman, Amy Adams",matched (episode pull)
KTH117,King of the Hill,9,4,"Yard, She Blows!",Hank's immaculately manicured front lawn is as good as gone when Peggy tries to horn in on the glory with her own contributions.,2005-01-23,22,8.0,4,/oavmhFntK5TsKl6zx5bLvwxHu0U.jpg,KTH117.jpg,/kcYS4DE2XPW45bLUwdGfCGb2Qx7.jpg,2122-S09.jpg,2122,148036,"Animation, Comedy, Family","16, 35, 10751",Allan Jacobsen,"Sivert Glarum, Michael Jamin","Beth Grant, David Herman, Cynthia Mann",matched (episode pull)
KTH118,King of the Hill,9,5,Dale to the Chief,"Hank's fight to correct an error on his driver's license is a red flag to newly patriotic Dale, who reports Hank as a threat to national security.",2005-01-30,22,7.667,3,/c2e4WozuIz6QEjEWtn0z34ISNMo.jpg,KTH118.jpg,/kcYS4DE2XPW45bLUwdGfCGb2Qx7.jpg,2122-S09.jpg,2122,148024,"Animation, Comedy, Family","16, 35, 10751",Anthony Lioi,Garland Testa,"Breckin Meyer, Ernie Grunwald, Scott Klace",matched (episode pull)
KTH119,King of the Hill,9,9,Care-Takin' Care of Business,Covert work by Hank and the boys turns a befuddled groundskeeper into a hero when his field is credited with hampering opponents.,2005-03-13,22,7.25,4,/k9lNuO8SO0fpl607kPuaO9Tt7Zu.jpg,KTH119.jpg,/kcYS4DE2XPW45bLUwdGfCGb2Qx7.jpg,2122-S09.jpg,2122,148027,"Animation, Comedy, Family","16, 35, 10751",Cyndi Tang,Dan McGrath,"Tom Petty, Christopher Lloyd, David Herman, Jonathan Joss",matched (episode pull)
KTH120,King of the Hill,9,10,Arlen City Bomber,"Peggy follows Luanne onto a roller-derby team, where the tight-fisted owner prompts her to lead a revolt and form a team on borrowed money.",2005-03-27,22,8.5,4,/imBkFJxljlDvhsKEhkqk0tWvE0T.jpg,KTH120.jpg,/kcYS4DE2XPW45bLUwdGfCGb2Qx7.jpg,2122-S09.jpg,2122,148020,"Animation, Comedy, Family","16, 35, 10751",Kyounghee Lim,Jonathan Collier,"Tom Petty, Stephnie Weir, Glenn Morshower, Neil Flynn, Dave Thomas",matched (episode pull)
KTH121,King of the Hill,9,11,Redcorn Gambles with His Future,"John Redcorn tries to open a Native American gambling casino to provide a venue for his band, Big Mountain Fudgecake.",2005-04-10,22,7.0,3,/pPffxng1kirM8w0SeymWaHv0bk1.jpg,KTH121.jpg,/kcYS4DE2XPW45bLUwdGfCGb2Qx7.jpg,2122-S09.jpg,2122,148037,"Animation, Comedy, Family","16, 35, 10751",Matt Engstrom,Etan Cohen,"Tom Petty, Trace Adkins, David Herman, Paul Butcher, Jonathan Joss",matched (episode pull)
KTH122,King of the Hill,9,12,Smoking and the Bandit,"Dale dons a disguise to defy Arlen's smoking ban, and Peggy sets out to uncover his identity.",2005-04-17,22,7.75,4,/zt8f9mEIGYmtrMLOiLsYUivwLJb.jpg,KTH122.jpg,/kcYS4DE2XPW45bLUwdGfCGb2Qx7.jpg,2122-S09.jpg,2122,148041,"Animation, Comedy, Family","16, 35, 10751",Cyndi Tang,Dan McGrath,"Breckin Meyer, Tone Loc, Henry Gibson, David Herman, Phil Hendrie",matched (episode pull)
KTH123,King of the Hill,9,15,It Ain't Over 'til the Fat Neighbor Sings,"Bill finds happiness in a men's chorus, where the required devotion jeopardizes his Army career.",2005-05-15,22,8.0,3,/AvQ9Ir43z2X66FhhcSgE9lrG8tA.jpg,KTH123.jpg,/kcYS4DE2XPW45bLUwdGfCGb2Qx7.jpg,2122-S09.jpg,2122,148039,"Animation, Comedy, Family","16, 35, 10751",Julius Wu,Etan Cohen,"David Herman, Phil LaMarr, Dan Finnerty, Phil Hendrie",matched (episode pull)
KTH124,King of the Hill,10,2,Bystand Me,"When the Arlen Bystander gets a new editor, Peggy gets a job writing a household hints column.  Except Peggy doesn't know any household hints, so she gets Minh to supply her with housekeeping tips in exchange for the answers to the New York Times crossword puzzles.  Meanwhile, Hank makes Bobby get a paper route.",2005-09-25,22,6.0,4,/gwSxyUHRz8D3XDgpvQtr27R5PIX.jpg,KTH124.jpg,/2LSFVxr3mUUTMzM6gwaNVZtXgYz.jpg,2122-S10.jpg,2122,148050,"Animation, Comedy, Family","16, 35, 10751",Dominic Polcino,Kit Boss,"Henry Gibson, Phil Hendrie, Scott Klace, Rosanna Cacace, Wayne Federman",matched (episode pull)
KTH125,King of the Hill,10,1,Hank's on Board,"Hank discovers that Dale and Boomhauer take yearly vacations together, and assumes that they are trying to avoid Bill.  He invites his family and Bill along for a weekend at the beach, but during the trip, Hank realizes that his friends are actually trying to avoid him because he’s uptight and bossy. Peggy advises Hank to throw caution to the wind and have some fun with his buddies, but the results leave Hank and the guys overboard.",2005-09-18,22,7.75,4,/863bcnwOSiBCy68BIpixhGTOA9p.jpg,KTH125.jpg,/2LSFVxr3mUUTMzM6gwaNVZtXgYz.jpg,2122-S10.jpg,2122,148043,"Animation, Comedy, Family","16, 35, 10751",Allan Jacobsen,"Michael Jarmin, Sivert Glarum","Breckin Meyer, Scott Klace, David Herman",matched (episode pull)
KTH126,King of the Hill,10,5,A Portrait of the Artist as a Young Clown,"Hoping to get Bobby to stop cracking jokes in school, Hank enrolls Bobby in a clown class at the local community college.  The pretentious instructor teaches Bobby classical comedic theory and sucks all the fun out of him.",2005-12-04,22,8.0,3,/zaEfvqjhqleByZtexZpNhrKwUTn.jpg,KTH126.jpg,/2LSFVxr3mUUTMzM6gwaNVZtXgYz.jpg,2122-S10.jpg,2122,148057,"Animation, Comedy, Family","16, 35, 10751",Kyounghee Lim,Christy Stratton,"Breckin Meyer, Paul F. Tompkins, Ashley Johnson, David Herman, Jonathan Joss",matched (episode pull)
KTH127,King of the Hill,10,6,Orange You Sad I Did Say Banana?,"Kahn is accused of having become so assimilated that he's a ""banana"" -- the Asian equivalent of an ""Oreo.""  To get back to his Laotian heritage, Kahn adopts a simple lifestyle and abandons the swimming pool his neighbors helped build.",2005-12-11,22,8.0,3,/9SH5vT1pPUCIBNn4lfXL1e5quyP.jpg,KTH127.jpg,/2LSFVxr3mUUTMzM6gwaNVZtXgYz.jpg,2122-S10.jpg,2122,148052,"Animation, Comedy, Family","16, 35, 10751",Adam Kuhlman,Dan Sterling,James Sie,matched (episode pull)
KTH128,King of the Hill,10,8,Business Is Picking Up,"When Bobby attends the school's job shadow program, he winds up interning for Peter Sterling, a man who runs a pooper-scooper business. Bobby is so impressed by Peter that he decides to pursue the same career.  Meanwhile, Hank is trying to train Joseph at Strickland Propane.",2006-03-19,22,8.5,2,/kV66GjTfTbEiYDZqXQKzJnqUSuJ.jpg,KTH128.jpg,/2LSFVxr3mUUTMzM6gwaNVZtXgYz.jpg,2122-S10.jpg,2122,148059,"Animation, Comedy, Family","16, 35, 10751",Matt Engstrom,Dan Sterling,"Breckin Meyer, Johnny Knoxville, David Herman, Dennis Burkley, Randal Reeder",matched (episode pull)
KTH129,King of the Hill,10,9,The Year of Washing Dangerously,"Hank gets sucked into Kahn's get-rich-quick scheme when Kahn buys the car wash that hosts car cruising on Friday nights. But Kahn wrecks the business by trying to cut corners, and gets bought out by Buck Strickland. Meanwhile, Peggy tries to figure out if Nancy is deliberately refusing to take her calls.",2006-03-26,22,8.333,3,/hH1Hj6UHDTWAklLmmjFknvcVZ6n.jpg,KTH129.jpg,/2LSFVxr3mUUTMzM6gwaNVZtXgYz.jpg,2122-S10.jpg,2122,148061,"Animation, Comedy, Family","16, 35, 10751","Cyndi Tang, Ken Wong",J.B. Cook,"James Sie, Breckin Meyer, Randal Reeder",matched (episode pull)
KTH130,King of the Hill,10,10,Hank Fixes Everything,"Buck Strickland embarks on a propane price war with Thatherton and two other rivals, and hires the guys from ""American Chopper"" to boost sales at the Propane Expo.  When the 'war' goes too far, and the companies are all losing profit, Hank takes matters into his own hands, and calls a meeting.  Unfortunately, the owners decide to 'price fix' and get caught.  Meanwhile, Lucky and Luanne wait for Brownsville Station tickets, in line 6 days before tickets go on sale.",2006-04-02,23,7.667,3,/lWfVGZdfkPXQvDr5aGJnRn8LVgH.jpg,KTH130.jpg,/2LSFVxr3mUUTMzM6gwaNVZtXgYz.jpg,2122-S10.jpg,2122,148068,"Animation, Comedy, Family","16, 35, 10751","Dominic Polcino, Ron Rubio",Kit Boss,"Tom Petty, Paul Teutul, Jr., Danny Trejo, Scott Klace, Glenn Morshower",matched (episode pull)
KTH131,King of the Hill,10,11,Church Hopping,"When Reverend Stroup gives the Hills' pew at the Arlen First Methodist Church to another family, Hank and his family decide to find another church. A slick pastor tries to bribe the Hills into worshipping at his Megachurch.",2006-04-09,22,5.0,3,/pSt5mIMCeOtuJg261h90vOzWuTL.jpg,KTH131.jpg,/2LSFVxr3mUUTMzM6gwaNVZtXgYz.jpg,2122-S10.jpg,2122,148073,"Animation, Comedy, Family","16, 35, 10751",Robin Brigstocke,Jim Dauterive,"Tom Petty, Big Boi, Danny Trejo, David Herman, Sal Lopez",matched (episode pull)
KTH132,King of the Hill,10,12,24 Hour Propane People,"When Buck gets banned from his favorite strip club, he refocuses on making Strickland Propane a ""fun"" place to work. He makes his employees dress in costumes, have sleepovers in the office and use hip catchphrases. It's up to Hank to get everyone focused on selling propane again.",2006-04-23,22,8.0,3,/chthYwMqtgPzA3VP3zO4VJAYLm9.jpg,KTH132.jpg,/2LSFVxr3mUUTMzM6gwaNVZtXgYz.jpg,2122-S10.jpg,2122,148072,"Animation, Comedy, Family","16, 35, 10751",Robin Brigstocke,"Aron Abrams, Greg Thompson","Justin Long, Henry Gibson, Danny Trejo, David Herman",matched (episode pull)
KTH133,King of the Hill,11,6,Glen Peggy Glen Ross,"Peggy loses her job at The Arlen Bystander and begins a new career as a real estate agent. Meanwhile, after Dale buys a set of titanium golf clubs at a police auction, he gives the clubs to Hank.  However, Hank has trouble playing with a set of clubs that once belonged to a convicted murderer.",2007-04-22,22,6.333,3,/jXwmAw7z2czdR3Oh9j8IQ9KR19Z.jpg,KTH133.jpg,/bzckxthb2ToSwKwiSDqIhMPkI0Y.jpg,2122-S11.jpg,2122,148079,"Animation, Comedy, Family","16, 35, 10751",Tony Kluck,Jim Dauterive,"Chris Elliott, Phil Hendrie, Henry Gibson, Scott Klace",matched (episode pull)
KTH134,King of the Hill,11,8,Grand Theft Arlen,"Hank becomes obsessed with a video game about propane.  Meanwhile, Bobby trains for the Presidential Fitness Test.",2007-04-29,22,8.667,3,/5BqtlFg7hAAsyo7xLlrQQGzJlwT.jpg,KTH134.jpg,/bzckxthb2ToSwKwiSDqIhMPkI0Y.jpg,2122-S11.jpg,2122,148077,"Animation, Comedy, Family","16, 35, 10751",Ron Rubio,Sanjay Shah,"Breckin Meyer, Phil LaMarr, Dennis Burkley, Randal Reeder, Justin Long",matched (episode pull)
KTH135,King of the Hill,11,1,The Peggy Horror Picture Show,"Feeling unfeminine after a clothing exchange party with the neighborhood girls, Hank offers Peggy a new pair of shoes. After finding that her usual place in Lubbock is out of business, she stumbles upon 'Clairissa's Closet', and a new best friend, Carolyn. They become the best of friends, until Peggy finds out that Carolyn is a he, and Carolyn finds that Peggy is a she.",2007-01-28,22,4.5,2,/un4DrtkdN2ZOTtNXdBBN7pmqSK4.jpg,KTH135.jpg,/bzckxthb2ToSwKwiSDqIhMPkI0Y.jpg,2122-S11.jpg,2122,148082,"Animation, Comedy, Family","16, 35, 10751",Kyounghee Lim,Christy Stratton,"Breckin Meyer, David Herman, Scott Klace, Wyatt Cenac, Michael Jamin",matched (episode pull)
KTH136,King of the Hill,11,3,Blood and Sauce,"The guys discuss what they want to pass on to their children, Bill becomes despondent because he doesn’t have any. In an effort to cheer him up, they help Bill put together a Dauterive family reunion, only to be thwarted by the realization that Bill only has one living relative. Bill winds up sharing an incredible barbeque with his neighbors and teaches Bobby the secret sauce recipe.",2007-02-18,22,6.5,2,/jHFmGR2us3kXlNQeXiBL6fZECSq.jpg,KTH136.jpg,/bzckxthb2ToSwKwiSDqIhMPkI0Y.jpg,2122-S11.jpg,2122,148078,"Animation, Comedy, Family","16, 35, 10751",Tricia Garcia,Dan McGrath,David Herman,matched (episode pull)
KTH137,King of the Hill,12,1,Suite Smells of Excess,"When the guys take Bobby to a college football game, their hijinks land them in a VIP box suite and calling plays for the visiting team.",2007-09-23,,8.5,2,/nDQVlOrF1kQ9ViJAjlzhSpexBlv.jpg,KTH137.jpg,/rfVe0r614QpaAf2vF7Sc0XkI7hq.jpg,2122-S12.jpg,2122,148095,"Animation, Comedy, Family","16, 35, 10751",Michael Loya,Dave Schiff,"Scott Klace, Ernie Grunwald, Wyatt Cenac, Randal Reeder",matched (episode pull)
KTH138,King of the Hill,12,2,Bobby Rae,"To impress a girl, Bobby protests against soda machines in the school.  However, since the teachers have been using the drink machine money to pay for their ""retreat"", they decide to fight back. Meanwhile, Dale decides to record his friends' witty quotes and put them all in a book.",2007-09-30,,6.5,2,/gnJqYFAjYycNpqQDJxgEy26LlA8.jpg,KTH138.jpg,/rfVe0r614QpaAf2vF7Sc0XkI7hq.jpg,2122-S12.jpg,2122,148110,"Animation, Comedy, Family","16, 35, 10751",Ken Wong,"Tim Croston, Chip Hall","Mitchel Musso, Rini Bell, Paul Butcher, David Herman, Mo Collins",matched (episode pull)
KTH139,King of the Hill,12,3,The Powder Puff Boys,"Hank encourages Bobby when he is asked to cheerleader for the girls in the school's annual Powder Puff game.  Bobby soon learns that there is a tradition and Hank, Bill, Dale and Principal Moss were once ""Powder Puff Boys"" themselves. However, the boys learn that Peggy and the PTA Are trying to put a stop to the tradition.",2007-10-07,,6.5,2,/gyrfAav4ecAYYY56mjx6X3F3Bp6.jpg,KTH139.jpg,/rfVe0r614QpaAf2vF7Sc0XkI7hq.jpg,2122-S12.jpg,2122,148097,"Animation, Comedy, Family","16, 35, 10751",Ron Rubio,Christy Stratton,"Breckin Meyer, Mitchel Musso, Patrick Bristow, Dennis Burkley, Lisa Edelstein",matched (episode pull)
KTH140,King of the Hill,12,4,Four Wave Intersection,"Arlen is hit by a heat wave and Hank and the gang take the kids to the water park. Unfortunately, when they have to tangle with a group of surfer bullies, Boomhauer, who is usually cool, winds up embarrassing himself. Meanwhile, Bill becomes known as the famous ""Heat-Waver"" when he begins to stand on the side of the highway and wave to motorists.",2007-10-14,21.0,7.0,2,/yVyCxxX3A4kdLToZRy2bZTUaAdC.jpg,KTH140.jpg,/rfVe0r614QpaAf2vF7Sc0XkI7hq.jpg,2122-S12.jpg,2122,148140,"Animation, Comedy, Family","16, 35, 10751",Anthony Chun,"Murray Miller, Judah Miller","Breckin Meyer, David Herman, Josh Keaton, Mikey Kelley, Kelle Leonard",matched (episode pull)
KTH141,King of the Hill,12,5,Death Picks Cotton,When the family goes out to a restaurant where the food is cooked at the table Cotton throws a tantrum and gets into a fight with the chef.  The fight leaves Cotton near death in the hospital.,2007-11-11,21.0,8.0,2,/bDwQ0bwRkjH0FQlRMDwn0B3ouug.jpg,KTH141.jpg,/rfVe0r614QpaAf2vF7Sc0XkI7hq.jpg,2122-S12.jpg,2122,148102,"Animation, Comedy, Family","16, 35, 10751",Tony Kluck,"Murray Miller, Judah Miller","David Herman, Jonathan Joss",matched (episode pull)
KTH142,King of the Hill,12,6,Raise the Steaks,After Hank falls in love with organic food he starts his own mini co-op garden in his back yard.,2007-11-18,21.0,8.0,2,/7YWgeLm614DXUMVHFsrcYy1eUlP.jpg,KTH142.jpg,/rfVe0r614QpaAf2vF7Sc0XkI7hq.jpg,2122-S12.jpg,2122,148103,"Animation, Comedy, Family","16, 35, 10751",Robin Brigstocke,"Paul Corrigan, Brad Walsh","Marissa Jaret Winokur, Danny Trejo, David Herman, Dave Allen, Scott Klace",matched (episode pull)
KTH143,King of the Hill,12,8,The Minh Who Knew Too Much,"Minh joins the Arlen Gun Club so that she can practice her skeet-shooting skills and become a member of the Nine Rivers Country Club team.  However, Minh loses track of the goal when she starts to identify with her ""hillbilly"" neighbors.",2007-12-09,22.0,7.5,2,/4MULmR5V3eggRDoHHOmhj2FPWvD.jpg,KTH143.jpg,/rfVe0r614QpaAf2vF7Sc0XkI7hq.jpg,2122-S12.jpg,2122,148121,"Animation, Comedy, Family","16, 35, 10751",Kyounghee Lim,Dan McGrath,"Tom Petty, David Herman, Scott Klace, Randal Reeder, James Sie",matched (episode pull)
KTH144,King of the Hill,12,9,Dream Weaver,"After they have financial troubles, Nancy convinces Dale to go on a ""vocation vacation"" to learn a new career.  Unfortunately, Dale picks basket-weaving, and he's not very good at it. Meanwhile, Peggy, Bill and Kahn try to create the next great Internet video.",2007-12-16,21.0,7.0,2,/Aw2sWNVDA5wnv15HlWhfrr1Jd0y.jpg,KTH144.jpg,/rfVe0r614QpaAf2vF7Sc0XkI7hq.jpg,2122-S12.jpg,2122,148123,"Animation, Comedy, Family","16, 35, 10751",Ken Wong,Jennifer Barrow,"Steve Gunderson, David Herman",matched (episode pull)
KTH145,King of the Hill,12,11,Trans-Fascism,"Hank helps Buck Strickland battle the Arlen City Council and a rival restaurant after ""Sugarfoots"" loses its business due to a local ban on the sale of foods containing trans fats.",2008-02-10,21.0,7.5,2,/gVRXZFaSxPKdE18MR2ZYQNaUaOR.jpg,KTH145.jpg,/rfVe0r614QpaAf2vF7Sc0XkI7hq.jpg,2122-S12.jpg,2122,148127,"Animation, Comedy, Family","16, 35, 10751",Kyounghee Lim,"Paul Corrigan, Brad Walsh","Tom Petty, James Sie, Danny Trejo, Fred Willard, David Herman",matched (episode pull)
KTH146,King of the Hill,12,12,Untitled Blake McCormick Project,"Bill falls in love after he has a blind date with Charlene, a hot single mother. However, Dale's intuition tells him  something is not quite right with the whole situation.",2008-02-17,22.0,8.0,2,/nM0E7o5Akn0mERbKbB8MzgVbDds.jpg,KTH146.jpg,/rfVe0r614QpaAf2vF7Sc0XkI7hq.jpg,2122-S12.jpg,2122,148126,"Animation, Comedy, Family","16, 35, 10751",Ken Wong,Blake McCormick,"Breckin Meyer, Jonathan Joss, Melinda Clarke",matched (episode pull)
KTH147,King of the Hill,12,13,The Accidental Terrorist,"Hank buys Peggy a new car, and like he has always done he pays sticker price for it.  However, after he realizes that he has been ripped off for years, he plots revenge against the car salesman.",2008-03-02,22.0,7.0,2,/5EcHhO7uULnXzyafASBuyf0BXoQ.jpg,KTH147.jpg,/rfVe0r614QpaAf2vF7Sc0XkI7hq.jpg,2122-S12.jpg,2122,148124,"Animation, Comedy, Family","16, 35, 10751",Robin Brigstocke,"Tim Croston, Chip Hall","Ted Danson, Fred Willard, David Herman, James Sie, Glenn L. Lucas",matched (episode pull)
KTH148,King of the Hill,12,14,Lady and Gentrification,"Hank's agrees to speak at Enrique's daughter's quinceañera.  However, some of Peggy's real-estate clients fall in love with the quaint Mexican neighborhood and start to move in.",2008-03-09,22.0,6.5,2,/wk0XEpmrSPZ04MoRG9wgOxnYBHb.jpg,KTH148.jpg,/rfVe0r614QpaAf2vF7Sc0XkI7hq.jpg,2122-S12.jpg,2122,148130,"Animation, Comedy, Family","16, 35, 10751",Anthony Chun,"Murray Miller, Judah Miller","Danny Trejo, Abby Elliott, Dax Shepard, Alicia Sixtos",matched (episode pull)
KTH149,King of the Hill,12,15,Behind Closed Doors,Peggy becomes over-protective after a child goes missing in Arlen.,2008-03-16,22.0,6.5,2,/tTbKVPdjLKMbgYP6M0YuBPLBUJe.jpg,KTH149.jpg,/rfVe0r614QpaAf2vF7Sc0XkI7hq.jpg,2122-S12.jpg,2122,148132,"Animation, Comedy, Family","16, 35, 10751",Tony Kluck,Christy Stratton,"Breckin Meyer, Tom Petty, David Herman, Dennis Burkley, Ed Begley Jr.",matched (episode pull)
KTH150,King of the Hill,12,16,Pour Some Sugar on Kahn,"Kahn escapes to the bar and takes up Karaoke after Minh's father comes to visit. Meanwhile, Bobby and Peggy compete in an escalating game where they try to outdo each other.",2008-03-30,22.0,7.0,1,/vFXICAYUzVvOjjTVA7ED3WiU9dl.jpg,KTH150.jpg,/rfVe0r614QpaAf2vF7Sc0XkI7hq.jpg,2122-S12.jpg,2122,148128,"Animation, Comedy, Family","16, 35, 10751",Tricia Garcia,Sanjay Shah,"David Herman, James Sie",matched (episode pull)
KTH151,King of the Hill,12,18,The Courtship of Joseph's Father,"Dale's son becomes the star quarterback for Landry High School, but Dale pushes the boy to accept a private school's offer, which includes a cash contract.",2008-04-13,22.0,8.0,1,/k8UEbNC4l94f1wveoUZjdU7XPNo.jpg,KTH151.jpg,/rfVe0r614QpaAf2vF7Sc0XkI7hq.jpg,2122-S12.jpg,2122,148134,"Animation, Comedy, Family","16, 35, 10751",Michael Loya,"Rebecca May, Tony Gama-Lobo","Breckin Meyer, Kyle Chandler, Dennis Burkley, David Herman, Tom Jourden",matched (episode pull)
KTH152,King of the Hill,12,19,Strangeness on a Train,"Stressed that her birthday parties never live up to her expectations, Peggy plans herself a disco-themed party on a mystery train, but after Luanne ruins the surprise, Peggy worries her parties will always end badly. However, a new mystery arises after a couple sneaks away for some private time in the train bathroom, and the partygoers must figure out who did it.",2008-04-27,22.0,9.0,1,/3Fh27HvIzqqF3ErfnDKOzAahTo5.jpg,KTH152.jpg,/rfVe0r614QpaAf2vF7Sc0XkI7hq.jpg,2122-S12.jpg,2122,148133,"Animation, Comedy, Family","16, 35, 10751",Kyounghee Lim,Jim Dauterive,"Breckin Meyer, Tom Petty, Henry Gibson, Patrick Bristow, Jonathan Joss",matched (episode pull)
KTH153,King of the Hill,12,20,Cops and Robert,"Bobby has to work as a deputy for the school's police officer after he is framed for throwing a soda can.  Meanwhile, Hank accidentally takes the wallet of a man he thought stole his own wallet, however when he tries to return the wallet the man does not take it too well.",2008-05-04,22.0,7.5,2,/6znlz4SRu5IHraTEx11hGSYQ2AW.jpg,KTH153.jpg,/rfVe0r614QpaAf2vF7Sc0XkI7hq.jpg,2122-S12.jpg,2122,148139,"Animation, Comedy, Family","16, 35, 10751",Ken Wong,Dave Schiff,"Fred Willard, Dennis Burkley, Glenn L. Lucas, Rini Bell, David Herman",matched (episode pull)
KTH154,King of the Hill,12,21,It Came from the Garage,"Wanting to spend some quality time with his son, Hank distracts Dale, Bill and Boomhauer with a boat building competition. However, when bats attack the construction garage, Hank has to give up his idea of spending time with Bobby.",2008-05-11,22.0,7.0,1,/3v5ZZzWEwqxtm9GrdBfRvuOTdlu.jpg,KTH154.jpg,/rfVe0r614QpaAf2vF7Sc0XkI7hq.jpg,2122-S12.jpg,2122,148137,"Animation, Comedy, Family","16, 35, 10751",Robin Brigstocke,Blake McCormick,Breckin Meyer,matched (episode pull)
KTH155,King of the Hill,13,1,Dia-BILL-ic Shock,"Bill's love of sugary snacks causes diabetes. After a doctor tells Bill that he will lose his legs he decides to start using a wheelchair. Once he is wheelchair bound he finds camaraderie with Thunder, a wheelchair sports enthusiast. Things turn around for Bill until Thunder finds out that Bill does not really need the wheelchair.",2008-09-28,21,7.375,8,/Wb52caDaihvB29N2zdsb7bVZhY.jpg,KTH155.jpg,/xp1PqaDMvqTPUeIIVTIAiWvWNMl.jpg,2122-S13.jpg,2122,148147,"Animation, Comedy, Family","16, 35, 10751",Ron Rubio,Sanjay Shah,"Breckin Meyer, Jake Steinfeld, David Herman, Scott Klace, Marissa Jaret Winokur",matched (episode pull)
KTH156,King of the Hill,13,2,Earthy Girls Are Easy,"When a local paper plans to run a story about Strickland Propane dumping old propane tanks into the river, Hank suggests that the company go green. Dale, in an attempt to impress the ladies, organizes an Earth benefit concert.",2008-10-05,21,9.0,3,/15TxfQyXomAknOnllJn0PMECjn1.jpg,KTH156.jpg,/xp1PqaDMvqTPUeIIVTIAiWvWNMl.jpg,2122-S13.jpg,2122,148169,"Animation, Comedy, Family","16, 35, 10751",Matt Engstrom,"Paul Corrigan, Brad Walsh","Breckin Meyer, Danny Trejo, Marissa Jaret Winokur, Mo Collins",matched (episode pull)
KTH157,King of the Hill,13,3,Square-Footed Monster,"Hank and the guys do a good deed when they fix-up a neighborhood house, however after Ted Wassonasong buys the house he decides to knock down the house and build a mansion.",2008-10-19,21,8.0,3,/zmuUyubOHvI2lEuX87SrLSv2ETg.jpg,KTH157.jpg,/xp1PqaDMvqTPUeIIVTIAiWvWNMl.jpg,2122-S13.jpg,2122,148142,"Animation, Comedy, Family","16, 35, 10751",Kyounghee Lim,Jerry Collins,"Breckin Meyer, Tom Petty, Bob Elliott, Chris Elliott, Abby Elliott",matched (episode pull)
KTH158,King of the Hill,13,4,Lost in MySpace,Hank has bad feelings when Mr. Strickland decides to create a MySpace page for Strickland Propane. Hank's fears come true when Donna posts personal videos and information to the web site.,2008-11-02,20,7.5,2,/fwsoieW8tbLdxZrFchKGlMwaSB9.jpg,KTH158.jpg,/xp1PqaDMvqTPUeIIVTIAiWvWNMl.jpg,2122-S13.jpg,2122,148145,"Animation, Comedy, Family","16, 35, 10751",Tony Kluck,"Murray Miller, Judah Miller","Danny Trejo, Marissa Jaret Winokur, Phil LaMarr, Bertila Damas",matched (episode pull)
KTH159,King of the Hill,13,5,No Bobby Left Behind,"In order to raise the school's average for standardized tests, Principal Moss classifies Bobby as a low achievement student. However, the plan backfires after Bobby is placed in a class where he no longer has to do homework and doesn't have to take the tests.",2008-11-09,21,7.0,2,/ekA7U2MWyVPshJCEETPIq33KXlq.jpg,KTH159.jpg,/xp1PqaDMvqTPUeIIVTIAiWvWNMl.jpg,2122-S13.jpg,2122,148143,"Animation, Comedy, Family","16, 35, 10751",Tricia Garcia,"Tim Croston, Chip Hall","Breckin Meyer, Dennis Burkley, Jillian Bowen, David Herman, Ashley Johnson",matched (episode pull)
KTH160,King of the Hill,13,6,A Bill Full of Dollars,"Peggy, Minh and Dale play the stock market together, however they lose money in their initial investment. To improve their odds they decide to study the consumer habits of an ""average man"" and Bill becomes the subject of their study. Meanwhile, after Peggy buys the family a new flat screen TV, Hank and Bobby have difficulty figuring out all the advanced features.",2008-11-16,21,6.5,2,/uCBtmc8r25psvDjB5soxWkjOnzX.jpg,KTH160.jpg,/xp1PqaDMvqTPUeIIVTIAiWvWNMl.jpg,2122-S13.jpg,2122,148151,"Animation, Comedy, Family","16, 35, 10751",Steve Robertson,Dan McGrath,"Steve Gunderson, Wyatt Cenac, David Herman",matched (episode pull)
KTH161,King of the Hill,13,10,Master of Puppets,"Bobby is left waiting at the mall when Hank and Peggy's date goes long. Feeling his parents' guilt, Bobby uses the incident to pit each against one another to show him their affection. Soon, Peggy and Hank stop giving him anything Bobby wants and he demands they spend more time with him.",2009-03-01,21,6.5,2,/pSMfjA1MYciH7q56UwKl1cCIaFD.jpg,KTH161.jpg,/xp1PqaDMvqTPUeIIVTIAiWvWNMl.jpg,2122-S13.jpg,2122,148154,"Animation, Comedy, Family","16, 35, 10751",Tony Kluck,Blake McCormick,"Breckin Meyer, Tom Petty",matched (episode pull)
KTH162,King of the Hill,13,12,Uncool Customer,"After Peggy finds out that she is not cool she befriends one of Arlen's most glamorous and cool moms in an effort to learn how to be cool. Bobby befriends her daughter, a girl named Michael Savage.",2009-03-15,21,5.5,2,/gGtSX9g2m0GIrGxTFm0fVTdrDUc.jpg,KTH162.jpg,/xp1PqaDMvqTPUeIIVTIAiWvWNMl.jpg,2122-S13.jpg,2122,148158,"Animation, Comedy, Family","16, 35, 10751",Tricia Garcia,Christy Stratton,"Kate Walsh, David Herman, Tom Petty, Sugar Lyn Beard, Patrick Bristow",matched (episode pull)
KTH163,King of the Hill,13,14,Born Again on the Fourth of July,"Bobby is offered an intervention at the church, after Hank becomes upset by his misbehavior. Meanwhile, Hank and his pals challenge a rival neighborhood to a Fourth of July fireworks showdown",2009-04-19,21,7.5,2,/tXRUD05eSiRSSjOjlAVNnu2Y57v.jpg,KTH163.jpg,/xp1PqaDMvqTPUeIIVTIAiWvWNMl.jpg,2122-S13.jpg,2122,148160,"Animation, Comedy, Family","16, 35, 10751",Ken Wong,Erin Ehrlich,"Breckin Meyer, Tom Petty, Jonathan Joss, Dennis Burkley, Glenn L. Lucas",matched (episode pull)
KTH164,King of the Hill,13,15,Serves Me Right for Giving General George S. Patton the Bathroom Key,"Hank discovers that his father's last requests are a collection of bizarre tasks including the wish to have his ashes flushed down a toilet that General George S. Patton once used. Meanwhile, Bill and Dale bicker over an empty beer can.",2009-04-26,21,8.0,2,/wrMlVrhPwogZEhV11P5HKymhLnz.jpg,KTH164.jpg,/xp1PqaDMvqTPUeIIVTIAiWvWNMl.jpg,2122-S13.jpg,2122,148162,"Animation, Comedy, Family","16, 35, 10751",Steve Robertson,"Tim Croston, Chip Hall","Tom Petty, Phil Hendrie",matched (episode pull)
KTH165,King of the Hill,13,17,Manger Baby Einstein,Luanne tries to become a breakout star in the children's entertainment industry.,2009-05-10,21,7.75,4,/oGdfre67rCOwnAGhTrsGmvLx8x5.jpg,KTH165.jpg,/xp1PqaDMvqTPUeIIVTIAiWvWNMl.jpg,2122-S13.jpg,2122,148164,"Animation, Comedy, Family","16, 35, 10751",Kyounghee Lim,Sanjay Shah,"Tom Petty, David Herman, Jonathan Joss, Stephanie Darby",matched (episode pull)
KTH166,King of the Hill,13,20,To Sirloin with Love,"Thankful to finally have something in common with his son, Hank is proud when Bobby’s knowledge of beef earns him a spot on a college team bound for the State Championships.",2009-09-13,21,9.5,2,/qK6t5Zl6CjkIInTDhgqDRR6TBa2.jpg,KTH166.jpg,/xp1PqaDMvqTPUeIIVTIAiWvWNMl.jpg,2122-S13.jpg,2122,148166,"Animation, Comedy, Family","16, 35, 10751",Kyounghee Lim,"Jim Dauterive, Rebecca May, Christy Stratton, Tony Gama-Lobo","Breckin Meyer, Tom Petty, Phil LaMarr, David Herman, Scott Klace",matched (episode pull)
