id,name,director,tmdb_id,tmdb_title,original_title,imdb_id,release_date,release_year,runtime_min,original_language,origin_country,production_countries,tagline,overview,genres,genre_ids,keywords,keyword_ids,tmdb_directors,writers,cast_top5,collection_name,collection_id,tmdb_rating,vote_count,popularity,budget,revenue,production_companies,poster_path,backdrop_path,poster_file,match_status
ALN001,Alien,Ridley Scott,348,Alien,Alien,tt0078748,1979-05-25,1979,117,en,US,"United States of America, United Kingdom",In space no one can hear you scream.,"During its return to the earth, commercial spaceship Nostromo intercepts a distress signal from a distant planet. When a three-member team of the crew discovers a chamber containing thousands of eggs on the planet, a creature inside one of the eggs attacks an explorer. The entire crew is unaware of the impending nightmare set to descend upon them when the alien parasite planted inside its unfortunate host is birthed.","Horror, Science Fiction","27, 878","android, spacecraft, space marine, biology, dystopia, countdown, space suit, beheading, space travel, cowardice, alien, space, female protagonist, parasite, space opera, cosmos","803, 1612, 1826, 6016, 4565, 1825, 1828, 1829, 3801, 7956, 9951, 9882, 11322, 157634, 161176, 204390",Ridley Scott,"Dan O'Bannon, Ronald Shusett","Tom Skerritt, Sigourney Weaver, Veronica Cartwright, Harry Dean Stanton, John Hurt",Alien Collection,8091,8.17,16426,19.5575,11000000,104931801,"Brandywine Productions, Twentieth Century-Fox Productions, Ronald Shusett Productions",/vfrQk5IPloGg1v9Rzbh2Eg3VGyM.jpg,/AmR3JG1VQVxU8TfAvljUhfSFUOx.jpg,ALN001.jpeg,matched
ALN002,The Thing,John Carpenter,1091,The Thing,The Thing,tt0084787,1982-06-25,1982,109,en,US,United States of America,Anytime. Anywhere. Anyone.,A research team in Antarctica is hunted by a shape-shifting alien that assumes the appearance of its victims.,"Horror, Mystery, Science Fiction","27, 9648, 878","spacecraft, helicopter, space marine, cold, based on novel or book, isolation, mutation, paranoia, snowstorm, research station, alien life-form, alien, remake, survival, creature, helicopter pilot, antarctica, shape shifting alien, alien infection, survival horror, sled dogs, alien monster, alien parasites, isolated place, uncertainty, blood test, body horror, ambiguity, lovecraftian, distressing","1612, 720, 1826, 5198, 818, 1533, 2766, 2340, 3373, 4713, 4862, 9951, 9714, 10349, 13031, 14605, 14728, 14729, 15250, 50009, 155821, 183787, 220392, 238467, 254703, 270023, 283085, 286954, 287274, 325801",John Carpenter,Bill Lancaster,"Kurt Russell, Wilford Brimley, T.K. Carter, David Clennon, Keith David",The Thing Collection,479888,8.073,7965,11.1174,15000000,19629760,"Universal Pictures, The Turman-Foster Company",/tzGY49kseSE9QAKk47uuDGwnSCu.jpg,/r9leYNa8nTRCceZrZhP1DXkgKVb.jpg,ALN002.jpeg,matched
ALN003,Annihilation,Alex Garland,300668,Annihilation,Annihilation,tt2798920,2018-02-22,2018,115,en,US,"United Kingdom, United States of America",Fear what's inside.,"A biologist signs up for a dangerous, secret expedition into a mysterious zone where the laws of nature don't apply.","Science Fiction, Horror","878, 27","depression, florida, quarantine, coma, based on novel or book, mutation, self-destruction, professor, dna, expedition, transformation, alligator, hybrid, swamp, meteor, grief, physicist, cancer, memory loss, psychologist, scientist, paramedic, missing person, mourning, beast, geologist, biologist, unusual phenomena, psychedelic, speculative, meditative, compound, missing husband, fauna, mysterious life form, flora, dreary, body horror, lovecraftian, psychological horror, absurd, ambiguous","894, 1196, 6898, 732, 818, 2766, 1824, 1992, 1718, 1963, 4375, 3184, 9410, 4551, 5404, 9872, 8012, 10163, 11469, 11268, 14760, 41603, 156091, 159103, 161271, 161281, 161294, 161348, 184392, 190531, 197056, 201137, 208364, 238997, 242920, 243655, 261264, 283085, 287274, 295907, 309974, 325763",Alex Garland,Alex Garland,"Natalie Portman, Jennifer Jason Leigh, Gina Rodriguez, Tessa Thompson, Tuva Novotny",,,6.441,9382,7.5568,40000000,43070915,"Paramount Pictures, Skydance Media, DNA Films, Scott Rudin Productions",/4YRplSk6BhH6PRuE9gfyw9byUJ6.jpg,/9trZvBr44UGedUOiGo3jgSUw13e.jpg,ALN003.jpeg,matched
ALN004,V/H/S/Beyond,"Jay Cheel, Jordan Downey, Christian Long, Justin Long, Justin Martinez, Virat Pal, Kate Siegel",1190868,V/H/S/Beyond,V/H/S/Beyond,tt32880932,2024-09-20,2024,114,en,US,"United States of America, United Arab Emirates",No safe space.,The infinite playground of forbidden worlds and dangerous lifeforms offered by the sci-fi horror genre will lead to the biggest maddest bloodiest V/H/S ever.,"Horror, Science Fiction, Thriller","27, 878, 53","anthology, sequel, alien, ufo, zombie, india, alien invasion, found footage, portmanteau, sky diving, horror anthology, pseudo-documentary","9706, 9663, 9951, 9738, 12377, 14636, 14909, 163053, 208891, 229219, 250593, 276164","Jordan Downey, Justin Long, Christian Long, Kate Siegel, Virat Pal, Justin Martinez, Jay Cheel","Justin Long, Mike Flanagan, Justin Martinez, Christian Long, Virat Pal, Evan Dickson, Ben Turner, Kevin Stewart, Jordan Downey","Brian Baker, Trevor Dow, Gerry Eng, Sam Gorski, Mitch Horowitz",V/H/S Collection,207621,6.57,302,1.7562,,,"Bloody Disgusting, Shudder, Cinepocalypse, Studio71, Spooky Pictures, Image Nation Abu Dhabi",/wXaf6VGNHIGU7qivapGOF7o4o4N.jpg,/kB7Eo8fjyHn4a80A2WUfW6YiMPG.jpg,ALN004.jpeg,matched (manual)
ALN005,Sputnik,Egor Abramenko,594718,Sputnik,Спутник,tt11905962,2020-07-24,2020,113,ru,RU,Russia,The only survivor did not come back alone.,"At the height of the Cold War, a Soviet spacecraft crash lands after a mission gone awry, leaving the commander as its only survivor. After a renowned Russian psychologist is brought in to evaluate the commander's mental state, it becomes clear that something dangerous may have come back to Earth with him.","Science Fiction, Drama, Horror","878, 18, 27","spacecraft, alien life-form, alien, murder, doctor, cosmonaut, spacecraft accident, alien creature, symbiotic, based on short film","1612, 4862, 9951, 9826, 13005, 198136, 226236, 230857, 233169, 268132",Egor Abramenko,"Oleg Malovichko, Andrey Zolotarev","Oksana Akinshina, Fyodor Bondarchuk, Pyotr Fyodorov, Anton Vasilyev, Aleksey Demidov",,,6.543,983,3.1553,2600000,354023,"Vodorod Film Company, Art Pictures Studio, Hype Film, NMG Studio, Cinema Foundation of Russia",/eAUzmhP54bE1vPXaY7FbuZREJlR.jpg,/90Hjx5iXwNRIqm3MvgYMKNuHoQe.jpg,ALN005.jpeg,matched
ALN006,Dark Skies,Scott Stewart,145135,Dark Skies,Dark Skies,tt2387433,2013-02-21,2013,97,en,US,United States of America,Once you have been chosen. You belong to them.,"From the producers of Paranormal Activity, Insidious, and Sinister comes Dark Skies: a supernatural thriller that follows a young family living in the suburbs. As husband and wife Daniel and Lacey Barret witness an escalating series of disturbing events involving their family, their safe and peaceful home quickly unravels.","Science Fiction, Thriller, Horror","878, 53, 27","blackout, alien, alien abduction, fear, home invasion, family, fourth of july, mysterious, mysterious events, suspenseful, sci-fi horror","2583, 9951, 12553, 13073, 14903, 18035, 159743, 197582, 238137, 314730, 323910",Scott Stewart,Scott Stewart,"Keri Russell, Josh Hamilton, Dakota Goyo, J.K. Simmons, Trevor St. John",,,6.35,1951,9.0961,3500000,27858103,"Cinema Vehicle Services, Alliance Films, Automatik Entertainment, Blumhouse Productions",/euLgEo2kvuLjYxbfOekWF3l82t6.jpg,/oLuAgHcYk9UrulfFJCmYfcnvmgB.jpg,ALN006.jpeg,matched
ALN007,Fire in the Sky,Robert Lieberman,15613,Fire in the Sky,Fire in the Sky,tt0106912,1993-03-12,1993,109,en,US,United States of America,"Alien abduction. November 5, 1975. White Mountains, Northeastern Arizona.","After clearing brush for the government, a group of men return to town claiming their friend was abducted. Despite no apparent motive or evidence of foul play, no-one believes their story and his disappearance is treated as murder.","Science Fiction, Mystery, Thriller, Drama","878, 9648, 53, 18","small town, based on novel or book, police, arizona, biography, based on true story, woods, alien, ufo, extraterrestrial, alien abduction, search party, media coverage, logger, kidnapped","1415, 818, 6149, 1859, 5565, 9672, 9720, 9951, 9738, 9739, 12553, 169962, 181105, 188334, 291004",Rob Lieberman,Tracy Torme,"D. B. Sweeney, Robert Patrick, Craig Sheffer, Peter Berg, Henry Thomas",,,6.7,700,5.1717,15000000,19885552,"Paramount Pictures, Joe Wizan/Todd Black",/rTFrjAp1YV49DSTUGCyKSkaEHC8.jpg,/rG8rGUrK3Ur6N2DuTVvjrtpV44l.jpg,ALN007.jpeg,matched (manual)
ALN008,The Phoenix Tapes '97,Turner Clay,419825,The Phoenix Tapes '97,The Phoenix Tapes '97,tt9036998,2016-09-26,2016,67,en,"CA, US",Canada,,"In 1997, four campers went missing during the Phoenix Lights incident and their bodies were never found. The Phoenix Tapes 97 is comprised of their final footage.","Horror, Science Fiction, Thriller","27, 878, 53","ufo, found footage, alien space craft, government conspiracy, ufo conspiracy, ufo sighting, alien spaceship, pseudo-documentary, ufos","9738, 163053, 177178, 181635, 206212, 223550, 251829, 276164, 357823",Turner Clay,,"Turner Clay, Peter Miller",,,6.559,51,0.42,,,Phoenix Tapes Foundation,/pcBro07U8hARvconcYHJAQGz50J.jpg,/1C4E4r0OmRIHWLhK3CLPvFZZ5Ps.jpg,ALN008.jpeg,matched
ALN009,Phoenix Forgotten,Justin Barber,443319,Phoenix Forgotten,Phoenix Forgotten,tt6574272,2017-04-21,2017,87,en,US,"United Kingdom, United States of America","Based on Shocking, Untold True Events.","Twenty years after three teenagers disappeared in the wake of mysterious lights appearing above Phoenix, Arizona, unseen footage from that night has been discovered, chronicling the final hours of their fateful expedition.","Horror, Mystery, Science Fiction","27, 9648, 878","alien, found footage, aliens, pseudo-documentary, faux documentary","9951, 163053, 273439, 276164, 365784",Justin Barber,"T.S. Nowlin, Justin Barber","Florence Hartigan, Luke Spencer Roberts, Chelsea Lopez, Justin Matthews, Clint Jordan",,,6.2,336,1.6679,2800000,3600000,"Cinelou Films, The Fyzz Facility, Atmosphere Entertainment MM, Scott Free Productions",/q0BbjmTPSqF1QnZxHNc1GQ4JIHc.jpg,/vk0msqGGhttTQJKnojFffc3nbe1.jpg,ALN009.jpeg,matched
ALN010,Aliens: Zone of Silence,Andy Fowler,483006,Aliens: Zone of Silence,Aliens: Zone of Silence,tt3604156,2017-10-24,2017,79,en,US,United States of America,You Are Not Alone.,After her brother mysteriously vanishes from the Mexican desert a young woman sets out to uncover the otherworldly truth about his disappearance.,"Horror, Mystery, Science Fiction","27, 9648, 878","alien, disappearance, alien invasion, desert, found footage, supernatural power, aliens","9951, 10941, 14909, 18034, 163053, 251513, 273439",Andy Fowler,"Fidel Arizmendi, Andy Fowler","Sarah Hester, Peter Gesswein, Jed Maheu, Vince Tula, Marcos Cline-Marquez",,,4.5,23,0.114,,,"Altered L.A., Punch Media",/rvtlCZYoNvLVUBchWottgOvemhv.jpg,/n1iJg0rD8NCtyywyNsEkV9Bp8R8.jpg,ALN010.jpeg,matched
ALN011,Ick,Joseph Kahn,1218493,Ick,Ick,tt31795447,2025-07-27,2025,93,en,US,"United States of America, United Kingdom, United Arab Emirates",Don't touch.,Science teacher Hank's life changes when he reconnects with his first love and suspects that a new student may be his daughter while facing an alien threat in their town.,"Horror, Science Fiction","27, 878","alien, alien invasion","9951, 14909",Joseph Kahn,"Samuel Laskey, Joseph Kahn, Dan Koontz","Brandon Routh, Malina Weissman, Harrison Cone, Taia Sophia, Zeke Jones",,,6.091,44,1.3456,,,"Interstellar Entertainment, Room 101, AGC Studios, Stone Buffalo Entertainment, Amongst Giants, Sinister Studios, Image Nation Abu Dhabi",/AtfV5Rl0YHtibZWuwC9ilHcHugU.jpg,/mow3uFuLiBMXq5C7CzHc9wmYnDB.jpg,ALN011.jpeg,matched
ALN012,Psycho Goreman,Steven Kostanski,670428,PG: Psycho Goreman,PG: Psycho Goreman,tt11252440,2020-09-11,2020,95,en,CA,Canada,Little girl. Big psycho.,"Siblings Mimi and Luke unwittingly resurrect an ancient alien overlord. Using a magical amulet, they force the monster to obey their childish whims, and accidentally attract a rogues' gallery of intergalactic assassins to small-town suburbia.","Science Fiction, Comedy, Horror","878, 35, 27","monster, suburbia, alien, duringcreditsstinger","1299, 10532, 9951, 179431",Steven Kostanski,Steven Kostanski,"Nita-Josee Hanna, Owen Myre, Matthew Ninaber, Steven Vlahos, Adam Brooks",,,6.026,436,2.58,1700000,95384,"Dystopia Films, Raven Banner Entertainment, PurpleDOG",/28Y3pxfkRZMhLsw4if6e3J0HD7Q.jpg,/aLDQl8iUzrapHOob3VHgmyX1ijj.jpg,ALN012.jpeg,matched
ALN013,No One Will Save You,Brian Duffield,820609,No One Will Save You,No One Will Save You,tt14509110,2023-09-21,2023,93,en,US,United States of America,A home invasion no one saw coming.,A lonely woman battles extraterrestrials who threaten her future while forcing her to face her past.,"Horror, Science Fiction","27, 878","isolation, trauma, grief, female protagonist, alien abduction, home invasion, guilt, death of mother, isolated house, alien attack, cosmic horror, reclusive, sci-fi horror, admiring, audacious, frightened, social exclusion, paranormal threat, extraterrestrial encounter","1533, 2754, 9872, 11322, 12553, 14903, 33720, 157213, 172658, 192962, 215959, 255617, 323910, 325761, 325773, 325818, 339906, 372041, 374288",Brian Duffield,Brian Duffield,"Kaitlyn Dever, Elizabeth Kaluev, Zack Duhame, Lauren L. Murray, Geraldine Singer",,,6.697,1481,5.2222,22800000,,"20th Century Studios, Star Thrower Entertainment",/ehGIDAMaYy6Eg0o8ga0oqflDjqW.jpg,/zYlgqIpqJ1VAbvFhRhktAzIybVs.jpg,ALN013.jpeg,matched
ALN014,Event Horizon,Paul W.S. Anderson,8413,Event Horizon,Event Horizon,tt0119081,1997-08-15,1997,96,en,"US, GB","United Kingdom, United States of America",Infinite space. Infinite terror.,"In 2047, a group of astronauts are sent to investigate and salvage the starship Event Horizon which disappeared mysteriously seven years before on its maiden voyage.","Horror, Science Fiction, Mystery","27, 878, 9648","space marine, nightmare, insanity, delusion, hallucination, space travel, cryogenics, gore, black hole, crew, flashback, evil spirit, alternate dimension, hellgate, religion, explosion, burning man, rescue team, super power, trapped in space, distress signal, 2040s, spaceship, lovecraftian","1826, 3030, 6255, 6262, 3298, 3385, 10292, 4380, 8468, 9856, 10114, 9820, 10135, 11001, 14601, 14888, 18031, 33637, 191586, 223504, 243676, 252937, 287274",Paul W. S. Anderson,Philip Eisner,"Laurence Fishburne, Sam Neill, Kathleen Quinlan, Joely Richardson, Richard T. Jones",,,6.583,3299,7.8994,60000000,26700000,"Impact Pictures, Paramount Pictures, Golar Productions, Lawrence Gordon Productions",/qfluaDXv0cIdLwgQWzNB2piHL2q.jpg,/nByMcYBhChTs2TF9fEFcTSsjme5.jpg,ALN014.jpeg,matched (manual)
ALN015,Nope,Jordan Peele,762504,Nope,Nope,tt10954984,2022-07-20,2022,130,en,US,United States of America,What's a bad miracle?,Residents in a lonely gulch of inland California bear witness to an uncanny chilling discovery.,"Horror, Science Fiction","27, 878","california, exploitation, death of father, alien, ufo, social commentary, alien invasion, alien contact, aftercreditsstinger, horse farm, african american man, racial issues, brother sister relationship, horror western, psychological horror, sci-fi western","387, 2804, 10201, 9951, 9738, 11479, 14909, 160515, 179430, 197401, 199692, 204173, 240485, 279115, 295907, 323910, 351222",Jordan Peele,Jordan Peele,"Daniel Kaluuya, Keke Palmer, Brandon Perea, Michael Wincott, Steven Yeun",,,6.823,4918,7.8922,68000000,171932082,"Universal Pictures, Monkeypaw Productions",/AcKVlWaNVVVFQwro3nLXqPljcYA.jpg,/yRutvYkM3OP8N9oqqfjSK1VC7fs.jpg,ALN015.jpeg,matched
ALN016,Pitch Black,David Twohy,2787,Pitch Black,Pitch Black,tt0134847,2000-02-18,2000,108,en,US,United States of America,Don't be afraid of the dark. Be afraid of what's in the dark,"When their ship crash-lands on a remote planet, the marooned passengers soon learn that escaped convict Riddick isn't the only thing they have to fear. Deadly creatures lurk in the shadows, waiting to attack in the dark, and the planet is rapidly plunging into the utter blackness of a total eclipse.","Thriller, Science Fiction, Action","53, 878, 28","darkness, dystopia, comet, alien life-form, survival, creature, eclipse, flask, spaceship crash, intense","3762, 4565, 4803, 4862, 10349, 13031, 14773, 14774, 237591, 321464",David Twohy,"Jim Wheat, Ken Wheat, David Twohy","Vin Diesel, Radha Mitchell, Cole Hauser, Lewis Fitz-Gerald, Claudia Black",The Chronicles of Riddick Collection,2794,6.868,4812,3.7713,23000000,53187659,Interscope Communications,/3AnlxZ5CZnhKKzjgFyY6EHxmOyl.jpg,/bMJdVmo6QqoUHpUsjWyei6MN02x.jpg,ALN016.jpeg,matched
FLK001,The Wicker Man,Robin Hardy,16307,The Wicker Man,The Wicker Man,tt0070917,1973-12-06,1973,93,en,GB,United Kingdom,Flesh to touch...Flesh to burn! Don't keep the Wicker Man waiting!,Police sergeant Neil Howie is called to an island village in search of a missing girl whom the locals claim never existed. The investigation is further complicated as Howie’s religious views clash with those of the island’s residents.,Horror,27,"virgin, island, based on novel or book, sacrifice, scotland, ritual, cemetery, investigation, cult, human sacrifice, rural area, disappearance, paganism, policeman, bonfire, psychotronic, voyeurism, may day, folk horror, isolated island, song, sea plane, harvest festival, horror musical","2389, 2041, 818, 2858, 388, 4720, 1227, 5340, 6158, 10864, 11004, 10941, 11083, 33699, 157775, 164218, 178649, 190894, 209568, 226406, 248301, 250369, 276914, 324263",Robin Hardy,Anthony Shaffer,"Edward Woodward, Christopher Lee, Britt Ekland, Diane Cilento, Ingrid Pitt",,,7.337,1638,3.2067,810000,885371,British Lion Films,/wwtrXRL8SiOWxhwLEvw7iBgYh0g.jpg,/fK5OHX7OIl57UqAbPiM4F3hc9wr.jpg,FLK001.jpg,matched
FLK002,The Seventh Seal,Ingmar Bergman,490,The Seventh Seal,Det sjunde inseglet,tt0050976,1957-02-16,1957,96,sv,SE,Sweden,The story of a challenge to death.,"When disillusioned Swedish knight Antonius Block returns home from the Crusades to find his country in the grips of the Black Death, he challenges Death to a chess match for his life. Tormented by the belief that God does not exist, Block sets off on a journey, meeting up with traveling players Jof and his wife, Mia, and becoming determined to evade Death long enough to commit one redemptive act while he still lives.","Fantasy, Drama","14, 18","witch, dying and death, blacksmith, chess, countryside, allegory, crusade, artist, juggler, witch burning, last judgment, symbolism, sense of life, matter of life and death, grim reaper, black and white, demon, belief in god, middle ages (476-1453), meaning of life, virgin mary, black death, playing chess, death personified, death incarnate, life teacher, metaphysical, 14th century, seeking a god, metaphysical drama, metaphysics, mysticism, kabbalah, spiritism, the virgin mary, ambiguous, facing death","616, 3737, 1318, 316, 548, 1501, 2868, 2679, 2869, 2871, 2829, 1715, 2875, 5144, 11187, 12999, 15001, 18071, 41406, 177146, 178611, 179870, 182210, 208313, 209837, 213227, 235487, 237612, 262074, 313413, 314626, 318717, 325763, 361486",Ingmar Bergman,Ingmar Bergman,"Gunnar Björnstrand, Bengt Ekerot, Nils Poppe, Max von Sydow, Bibi Andersson",,,8.155,3352,4.2669,150000,311212,SF Studios,/wcZ21zrOsy0b52AfAF50XpTiv75.jpg,/6s2BqtDvp1BMiP70zCDU5OW6hMy.jpg,FLK002.jpg,matched
FLK003,The VVitch,Robert Eggers,310131,The Witch,The Witch,tt4263482,2016-02-19,2016,92,en,US,"Brazil, Canada, United Kingdom, United States of America",Evil takes many forms.,"In 1630, a farmer relocates his family to a remote plot of land on the edge of a forest where strange, unsettling things happen. With suspicion and paranoia mounting, each family member's faith, loyalty and love are tested in shocking ways.",Horror,27,"witch, isolation, magic, possession, black magic, older woman seduces younger guy, new hampshire, woods, goat, puritan, religion, crying, false accusations, witchcraft, new england, praying, disturbed, 17th century, folk horror, evil force, english colony, callous","616, 1533, 2343, 9712, 4252, 7476, 6018, 9720, 10947, 10223, 11001, 12544, 14783, 40931, 41393, 164346, 199524, 207941, 209568, 231398, 267241, 325780",Robert Eggers,Robert Eggers,"Anya Taylor-Joy, Ralph Ineson, Kate Dickie, Harvey Scrimshaw, Ellie Grainger",,,7.002,7662,9.7227,4000000,40423945,"Very Special Projects, Parts & Labor, RT Features, Rooks Nest Entertainment, Maiden Voyage Pictures, Pulse Films, Scythia Films, Code Red Productions, Mott Street Pictures",/zap5hpFCWSvdWSuPGAQyjUv2wAC.jpg,/zi2oYYNSSv7t44iSt5YrxHX9PYs.jpg,FLK003.jpg,matched
FLK004,Onibaba,Kaneto Shindo,3763,Onibaba,鬼婆,tt0058430,1964-11-21,1964,105,ja,JP,Japan,The most daring film import ever...From Japan!,"While her son, Kichi, is away at war, a woman and her daughter-in-law survive by killing samurai who stray into their swamp, then selling whatever valuables they find. Both are devastated when they learn that Kichi has died, but his wife soon begins an affair with a neighbor who survived the war, Hachi. The mother disapproves and, when she can't steal Hachi for herself, tries to scare her daughter-in-law with a mysterious mask from a dead samurai.",Horror,27,"japan, samurai, jealousy, desertion, hold-up robbery, bamboo hut, survival, murder, black and white, demon, jidaigeki, sengoku period, 14th century","233, 1462, 931, 1806, 3607, 6943, 10349, 9826, 12999, 15001, 186753, 194424, 237612",Kaneto Shindō,Kaneto Shindō,"Nobuko Otowa, Jitsuko Yoshimura, Kei Satō, Jūkichi Uno, Taiji Tonoyama",,,7.7,481,2.307,,,Kindai Eiga Kyokai,/xyPLG53OodhJtvfQEfcmC43l16O.jpg,/AcAMkNfQ21cL7EJzs5eVx24k3H4.jpg,FLK004.jpg,matched (manual)
FLK005,A Field in England,Ben Wheatley,179111,A Field in England,A Field in England,tt2375574,2013-07-05,2013,90,en,GB,United Kingdom,Open Up And Let The Devil In,"During the Civil War in 17th-Century England, a small group of deserters flee from a raging battle through an overgrown field. They are captured by an alchemist, who forces the group to aid him in his search to find a hidden treasure that he believes is buried in the field. Crossing a vast mushroom circle, which provides their first meal, the group quickly descend into a chaos of arguments, fighting and paranoia, and, as it becomes clear that the treasure might be something other than gold, they slowly become victim to the terrifying energies trapped inside the field.","Horror, Thriller, Fantasy","27, 53, 14","friendship, chaos, hallucination, surreal, hallucinogen, hysteria, spirituality, magic mushroom, drug trip, enlightenment, madness, psychedelics, alchemy, ghost, spiritual journey, english civil war, 17th century, folk horror","6054, 4630, 3298, 3307, 6410, 5083, 10706, 9696, 11483, 10419, 41410, 157908, 161395, 162846, 182649, 188591, 207941, 209568",Ben Wheatley,"Amy Jump, Ben Wheatley","Reece Shearsmith, Michael Smiley, Richard Glover, Peter Ferdinando, Ryan Pope",,,6.216,292,1.1499,300000,600000,"Rook Films, Film4 Productions",/dKhMJr8yoHVyvxyUiAeIn2hKVdL.jpg,/euBvKWkvYD38O7dMMvw3GvrkZoa.jpg,FLK005.jpg,matched
FLK006,The Ritual,David Bruckner,433808,The Ritual,The Ritual,tt5638642,2017-10-11,2017,94,en,GB,"Canada, United Kingdom, United States of America",Your darkest dream awaits you.,"A group of college friends reunite for a trip to the forest, but encounter a menacing presence in the woods that's stalking them.","Horror, Mystery","27, 9648","robbery, monster, based on novel or book, nightmare, sweden, hiking, scandinavia, forest, friends, grief, murder, cabin, guilt, survival horror, pagan, norse mythology, guilty conscience, folk horror, lost in the woods, amused","642, 1299, 818, 3030, 1192, 5827, 5475, 5774, 9713, 9872, 9826, 3623, 33720, 50009, 155071, 179101, 189931, 209568, 223620, 325765",David Bruckner,Joe Barton,"Rafe Spall, Arsher Ali, Robert James-Collier, Sam Troughton, Paul Reid",,,6.285,3439,5.958,1000000,1786396,"Entertainment One, The Imaginarium, Sierra/Affinity",/9022CYEGqYETCeXN1oE3uwYJWub.jpg,/vaArQHq1lHFNppoJlMlv30Gs2fQ.jpg,FLK006.jpg,matched
FLK007,November,Rainer Sarnet,437583,November,November,tt6164502,2017-02-03,2017,115,et,EE,"Estonia, Poland, Netherlands",,"In a poor Estonian village, a group of peasants use magic and folk remedies to survive the winter, and a young woman tries to get a young man to love her.","Drama, Fantasy, Romance, Horror","18, 14, 10749, 27","witch, based on novel or book, love triangle, paganism, werewolf, pagan, folklore, estonia","616, 818, 128, 11083, 12564, 155071, 178856, 210544",Rainer Sarnet,Rainer Sarnet,"Rea Lest-Liik, Jörgen Liik, Arvo Kukumägi, Heino Kalm, Meelis Rämmeld",,,7.096,177,0.8349,1550000,19084,"Homeless Bob Production, PRPL, Opus Film, Oscilloscope",/yMqtCSzSAB9Aiw8yiuUKBoxEeAm.jpg,/ueVnDMPdDDtAAjS8XniAiZkXes9.jpg,FLK007.jpg,matched
FLK008,The Wailing,Na Hong-jin,293670,The Wailing,곡성,tt5215952,2016-05-12,2016,156,ko,KR,"South Korea, United States of America",Never be tempted.,A stranger arrives in a little village and soon after a mysterious sickness starts spreading. A policeman is drawn into the incident and is forced to solve the mystery in order to save his daughter.,"Horror, Mystery","27, 9648","daughter, small town, police, investigation, exorcism, possession, murder, priest, rural area, curse, shaman, zombie, demon, shrine, occult, macabre, ghost, gluttony, shamanism, folk horror, acupuncture, divination, frightened","5600, 1415, 6149, 5340, 2626, 9712, 9826, 10093, 11004, 10541, 11326, 12377, 15001, 41557, 156174, 162810, 162846, 175681, 208426, 209568, 221728, 233025, 325818",Na Hong-jin,Na Hong-jin,"Kwak Do-won, Hwang Jung-min, Chun Woo-hee, Jun Kunimura, Kim Hwan-hee",,,7.377,2058,7.0791,10951000,49851770,"Fox International Productions, Ivanhoe Pictures, Side Mirror, 20th Century Fox Korea",/RbymxgEM5SpDfO2Io2JMFG10Vi.jpg,/9qxBNfI1QFbiZS62fsgaUd563t2.jpg,FLK008.jpg,matched
FLK009,The Devils,Ken Russell,31767,The Devils,The Devils,tt0066993,1971-07-16,1971,112,en,GB,United Kingdom,Hell will hold no surprises for them...,"A charismatic 17th-century French priest becomes the target of a sexually obsessed nun’s witchcraft accusations, which corrupt church and state officials are all too happy to exploit.​​​​​​​​​​​​​​​​","Drama, History, Horror","18, 36, 27","based on novel or book, nun, chaos, inquisition, exploitation, satire, surrealism, biography, based on true story, based on play or musical, sin, hysteria, torture, blasphemy, convent (nunnery), nunsploitation, 17th century, grim, religious controversy, sexual perversion, psychological horror, psychological drama, bold","818, 745, 4630, 344, 2804, 8201, 9887, 5565, 9672, 10181, 7412, 5083, 13006, 161216, 165470, 195222, 207941, 210162, 226350, 232091, 295907, 309029, 325778",Ken Russell,Ken Russell,"Vanessa Redgrave, Oliver Reed, Dudley Sutton, Max Adrian, Gemma Jones",,,7.4,436,2.2744,2000000,11000000,Russo Productions,/y1k7eiOFc6fzm8XeTa1kNGx6JIs.jpg,/8ApwSMdd9QehKjvW3fOmKVrnZXv.jpg,FLK009.jpg,matched
FLK010,The Lighthouse,Robert Eggers,503919,The Lighthouse,The Lighthouse,tt7984734,2019-10-18,2019,109,en,US,"Brazil, United States of America",There is enchantment in the light.,Two lighthouse keepers try to maintain their sanity while living on a remote and mysterious New England island in the 1890s.,"Drama, Fantasy, Thriller","18, 14, 53","island, nightmare, isolation, mermaid, hallucination, lighthouse, based on true story, lighthouse keeper   , black and white, storm, male masturbation, new england, madness, drunkenness, 19th century, isolated island, lovecraftian, 1890s, awestruck, foreboding","2041, 3030, 1533, 5938, 3298, 4079, 9672, 8729, 12999, 14527, 33432, 41393, 41410, 188991, 207928, 226406, 287274, 305021, 325775, 325817",Robert Eggers,"Robert Eggers, Max Eggers","Robert Pattinson, Willem Dafoe, Valeriia Karaman, Logan Hawkes, Kyla Nicolle",,,7.472,5562,5.7302,11000000,18262464,"RT Features, Parts & Labor, A24, Regency Enterprises",/f1tIYarTbkBdIT1aW0gzelDwknv.jpg,/sYLzRuEcwSz0L1Z92wQNrETHU9O.jpg,FLK010.jpg,matched
FLK011,A Dark Song,Liam Gavin,409297,A Dark Song,A Dark Song,tt4805316,2016-07-08,2016,100,en,"US, IE, GB","Ireland, United Kingdom",Not everything can be forgiven.,A determined young woman and a damaged occultist risk their lives and souls to perform a dangerous ritual that will grant them what they want.,"Horror, Fantasy, Mystery","27, 14, 9648","wales, angel, loss of loved one, ritual, supernatural, black magic, mansion, demon, alcoholic, occult, ghost, isolated house, folk horror, salt, summoning spell, loss of child, train station, magic circle","1209, 290, 697, 4720, 6152, 4252, 12545, 15001, 33457, 156174, 162846, 172658, 209568, 218890, 238533, 241737, 260005, 315515",Liam Gavin,Liam Gavin,"Catherine Walker, Steve Oram, Mark Huberman, Susan Loughnane, Nathan Vos",,,6.3,554,1.7119,,,"Tall Man Films, Samson Films, Ffilm Cymru Wales, Fís Éireann/Screen Ireland",/fguce8M1bZnWjVkRWCFh9P3kt6A.jpg,/sac5saRWC8zV8GFHL4D45TuUr3s.jpg,FLK011.jpg,matched
FLK012,Apostle,Gareth Evans,424121,Apostle,Apostle,tt6217306,2018-09-21,2018,129,en,"GB, US","United States of America, United Kingdom",Your god can't help you.,"In 1905, a man travels to a remote island in search of his missing sister who has been kidnapped by a mysterious religious cult.","Horror, Mystery","27, 9648","wales, ransom, gore, cult, murder, religion, prophet, church, praying, folk horror, isolated island, 1900s, father daughter relationship, depressing","1209, 1336, 10292, 6158, 9826, 11001, 11222, 14765, 164346, 209568, 226406, 236170, 240303, 323809",Gareth Evans,Gareth Evans,"Dan Stevens, Michael Sheen, Lucy Boynton, Mark Lewis Jones, Bill Milner",,,6.145,1586,2.722,,,"XYZ Films, Severn Screen, One More One Productions",/rd269f2Yftxxam3EOJPYVwrvjIJ.jpg,/tvGTSdLjKJgFHTcF4x9HSxoTIgW.jpg,FLK012.jpg,matched
FLK013,The Blood on Satan's Claw,Piers Haggard,26774,The Blood on Satan's Claw,The Blood on Satan's Claw,tt0066849,1971-01-28,1971,96,en,GB,United Kingdom,A chill-filled festival of horror!,"After a landsman in 18th century England discovers a corpse covered in fur buried in a field, the town becomes infected by ""the devil's skin,"" leading the local children to engage in demonic rituals and criminal behavior.",Horror,27,"rape, sacrifice, england, village, satanism, murder, devil, witchcraft, occult, mutilation, beast, folk horror","570, 2858, 392, 5331, 3099, 9826, 14999, 40931, 156174, 157512, 161271, 209568",Piers Haggard,Robert Wynne-Simmons,"Patrick Wymark, Linda Hayden, Barry Andrews, Michele Dotrice, Wendy Padbury",,,6.169,166,0.979,140000,,"Tigon British Film Productions, Chilton Films",/shUG4L8iKu9g4bhZVI3SNsIOvD3.jpg,/lVgJzjtd97Aznpbp4KkSM0Oxj7J.jpg,FLK013.jpg,matched
FLK014,Witchfinder General,Michael Reeves,31965,Witchfinder General,Witchfinder General,tt0063285,1968-05-17,1968,87,en,GB,United Kingdom,"He'll hang, burn, and mutilate you. He's the… Witchfinder General","England, 1645. The cruel civil war between Royalists and Parliamentarians that is ravaging the country causes an era of chaos and legal arbitrariness that allows unscrupulous men to profit by exploiting the absurd superstitions of the peasants; like Matthew Hopkins, a monster disguised as a man who wanders from town to town offering his services as a witch hunter.","Drama, History, Horror","18, 36, 27","rape, based on novel or book, witch burning, false accusations, religious fundamentalism, sadistic torture, witch hunt, english civil war, 17th century, folk horror, suffolk, england, forced sex","570, 818, 2871, 14783, 18070, 157714, 177894, 188591, 207941, 209568, 222783, 254453",Michael Reeves,"Michael Reeves, Tom Baker","Vincent Price, Ian Ogilvy, Robert Russell, Nicky Henson, Hilary Dwyer",,,6.536,267,1.3,83000,1500000,Tigon British Film Productions,/5QuF8YbNtOpLbcTlEFSAokUv5sp.jpg,/kuAcehliObELss7aKKKHyHOpUDH.jpg,FLK014.jpg,matched
FLK015,Kill List,Ben Wheatley,74725,Kill List,Kill List,tt1788391,2011-09-02,2011,95,en,GB,"United Kingdom, Australia, Sweden",Who’s next?,"Nearly a year after a botched job, a hitman takes a new assignment with the promise of a big payoff for three killings. What starts off as an easy task soon unravels, sending the killer into the heart of darkness.","Horror, Thriller, Crime","27, 53, 80","hotel, husband wife relationship, post-traumatic stress disorder (ptsd), hitman, cult, infection, forest, priest, murderer, brutality, bonfire, ceremony, ex soldier, ritual sacrifice, contract killer, video tape, folk horror, sheffield, england","612, 1157, 447, 2708, 6158, 4884, 5774, 10093, 13112, 14707, 157775, 160588, 162380, 162745, 177964, 206440, 209568, 265019",Ben Wheatley,"Ben Wheatley, Amy Jump","Neil Maskell, MyAnna Buring, Harry Simpson, Michael Smiley, Struan Rodger",,,6.213,872,1.7126,500000,450275,"Warp X, Rook Films, Film4 Productions, UK Film Council, Protagonist Pictures, NonStop Entertainment, Madman Entertainment",/qwT2I3ons0oD58jIppKmd4qLtvB.jpg,/ptZypdOBofmADX9JCtgi5E38cnC.jpg,FLK015.jpg,matched
FLK016,Viy,Konstantin Ershov and Georgi Kropachyov,57230,Viy,Вий,tt0062453,1967-11-27,1967,76,ru,SU,Soviet Union,The Soviet Union’s first horror film!,"A seminary student on monastery holiday kills an old witch in a remote village. The hag then transforms into a beautiful young woman whose dying wish is for him to watch over her wake for three nights. With terrors occurring and his faith waning, he reads prayers on the overnight watch and tries to survive the supernatural encounters.","Drama, Fantasy, Horror","18, 14, 27","witch, village, evil spirit, corpse, demon, gothic horror, folk horror","616, 5331, 10114, 13092, 15001, 15032, 209568","Georgi Kropachyov, Konstantin Ershov","Aleksandr Ptushko, Georgi Kropachyov, Konstantin Ershov","Leonid Kuravlyov, Natalya Varley, Aleksey Glazyrin, Nikolay Kutuzov, Vadim Zakharchenko",,,6.9,279,1.8682,,,"Luch, Mosfilm",/rgkp4X9C1NNobH8bq55zcMTQFCl.jpg,/8NdbgS3Ndc7Q8cZIuHquhID9C6j.jpg,FLK016.jpg,matched (manual)
FLK017,Pyewacket,Adam MacDonald,448194,Pyewacket,Pyewacket,tt5119116,2017-12-08,2017,88,en,CA,Canada,Be careful what you wish for. Someone might be listening.,"A frustrated, angry teenage girl awakens something in the woods when she naively performs an occult ritual to invoke a witch to kill her mother.","Horror, Thriller","27, 53","witch, high school, widow, black magic, woods, murder, teenage girl, cabin, attic, occult, devil worship, mother daughter relationship, evil spell","616, 6270, 4129, 4252, 9720, 9826, 10809, 3623, 155619, 156174, 190396, 240315, 259796",Adam MacDonald,Adam MacDonald,"Laurie Holden, Nicole Muñoz, Chloe Rose, Eric Osborne, James McGowan",,,5.947,341,1.3074,,166610,"Cave Painting Pictures, JoBro Productions, Just Believe Productions, Entertainment One",/3ET9MWmIx2ny2KP5mqY9ceb0WxF.jpg,/uVH4JeqPyVHWVwsYce1z8CxVG36.jpg,FLK017.jpg,matched
FLK018,Midsommar,Ari Aster,530385,Midsommar,Midsommar,tt8772262,2019-07-03,2019,147,en,US,"Sweden, United States of America",Let the festivities begin.,"Several friends travel to Sweden to study as anthropologists a summer festival that is held every ninety years in the remote hometown of one of them. What begins as a dream vacation in a place where the sun never sets, gradually turns into a dark nightmare as the mysterious inhabitants invite them to participate in their disturbing festive activities.","Horror, Drama, Mystery","27, 18, 9648","loss of loved one, ritual, paranoia, sweden, cult, hallucinogenic drug, magic mushroom, anthropology, human sacrifice, paganism, death of family, boyfriend girlfriend relationship, grieving, midsummer, cultural conflict, bad trip, folk horror, psychological disorders, toxic relationship, midnight sun, isolated community, summer festival, traumatized woman, violence","697, 4720, 2340, 1192, 6158, 11528, 9696, 10983, 10864, 11083, 18514, 164698, 172291, 177923, 185718, 208298, 209568, 224845, 241804, 243370, 246313, 253709, 253807, 312898",Ari Aster,Ari Aster,"Florence Pugh, Jack Reynor, William Jackson Harper, Will Poulter, Vilhelm Blomgren",,,7.151,8103,11.8652,9000000,48498408,"B-Reel Films, Square Peg",/7LEI8ulZzO5gy9Ww2NVCrKmHeDZ.jpg,/pYgj8e2Y6RufnSyOA6OnzmxFXxZ.jpg,FLK018.jpg,matched
FLK019,The Love Witch,Anna Biller,374052,The Love Witch,The Love Witch,tt3908142,2016-11-11,2016,121,en,US,United States of America,She loved men... to death,"A modern-day witch uses spells and magic to get men to fall in love with her, with deadly consequences.","Horror, Comedy, Romance, Fantasy","27, 35, 10749, 14","magic, poison, painting, grave, love, crying, death, witchcraft, stockings, white horse, love potion, woman director, searching for love, woman seduces a man, sarcastic, sincere","2343, 351, 5918, 2968, 9673, 12544, 34079, 40931, 157144, 173293, 179542, 187056, 210589, 230498, 325845, 325849",Anna Biller,Anna Biller,"Samantha Robinson, Gian Keys, Laura Waddell, Jeffrey Vincent Parise, Jared Sanford",,,6.416,628,2.4779,,228894,Anna Biller Productions,/q6mZjCwGn9KCTrStTRM88pui0is.jpg,/zPzJ3DAUjpJoiBm4jODt50QEEr3.jpg,FLK019.jpg,matched
FLK020,Night of the Demon,Jacques Tourneur,25103,Night of the Demon,Night of the Demon,tt0050766,1957-11-09,1957,96,en,GB,United Kingdom,Who will be the next in line to defy the curse?,"American professor John Holden arrives in London for a conference on parapsychology only to discover that the colleague he was supposed to meet was killed in a freak accident the day before. It turns out that the deceased had been investigating a cult lead by Dr. Julian Karswell. Though a skeptic, Holden is suspicious of the devil-worshiping Karswell. Following a trail of mysterious manuscripts, Holden enters a world that makes him question his faith in science.","Fantasy, Horror, Mystery","14, 27, 9648","england, professor, investigation, animal attack, black magic, psychologist, black and white, electrocution, demon, witchcraft, skeptic, occult, hypnotism, satanic cult, séance, science vs religion, jumping through a window, stonehenge, folk horror, parapsychology, catatonic state, foggy night, supernatural power","392, 1992, 5340, 5160, 4252, 11268, 12999, 13040, 15001, 40931, 156167, 156174, 156835, 163055, 163186, 181914, 189248, 207031, 209568, 223036, 224618, 237238, 251513",Jacques Tourneur,"Hal E. Chester, Charles Bennett","Dana Andrews, Peggy Cummins, Niall MacGinnis, Maurice Denham, Athene Seyler",,,7.018,310,1.1548,,,Sabre Film Productions Ltd.,/ePAjGAhynpwEI5HbpIrB28ML6lg.jpg,/bUFWLSQsSYdyy4eohp4iBBnOV1s.jpg,FLK020.jpg,matched
KNI001,Gladiator,Ridley Scott,98,Gladiator,Gladiator,tt0172495,2000-05-04,2000,155,en,US,"United Kingdom, United States of America",What we do in life echoes in eternity.,"After the death of Emperor Marcus Aurelius, his devious son takes power and demotes Maximus, one of Rome's most capable generals who Marcus preferred. Eventually, Maximus is forced to become a gladiator and battle to the death against other men for the amusement of paying audiences.","Action, Drama, Adventure","28, 18, 12","gladiator, rome, italy, arena, senate, roman empire, parent child relationship, emperor, slavery, ancient rome, revenge, battlefield, slave auction, historical fiction, ancient world, period drama, combat, chariot, philosopher, grim, barbarian horde, 2nd century, successor, commodus, maximus, gladiador","1394, 588, 1395, 1399, 1405, 970, 2280, 2831, 5049, 9748, 10141, 10520, 12995, 14704, 15060, 18543, 179780, 192230, 210162, 235791, 235792, 235793, 242039, 250224, 351452",Ridley Scott,"William Nicholson, John Logan, David Franzoni, David Franzoni","Russell Crowe, Joaquin Phoenix, Connie Nielsen, Oliver Reed, Richard Harris",Gladiator Collection,1069584.0,8.227,20970,25.3362,103000000.0,465516248.0,"Universal Pictures, Scott Free Productions, Red Wagon Entertainment, Mill Film, DreamWorks Pictures",/wN2xWp1eIwCKOD0BHTcErTBv1Uq.jpg,/jhk6D8pim3yaByu1801kMoxXFaX.jpg,KNI001.jpg,matched (genre pull)
KNI002,Kingdom of Heaven,Ridley Scott,1495,Kingdom of Heaven,Kingdom of Heaven,tt0320661,2005-05-03,2005,144,en,"DE, ES, GB, US","United States of America, United Kingdom, Germany, Spain","Be without fear in the face of your enemies. Safeguard the helpless, and do no wrong","After his wife dies, a blacksmith named Balian is thrust into royalty, political intrigue and bloody holy wars during the Crusades.","Drama, Action, Adventure, History, War","18, 28, 12, 36, 10752","blacksmith, muslim, crusade, jerusalem, catapult, swordsman, battlefield, knight, religion, epic battle, desert battle, knight templars, 12th century, saladin, suspicious, christian, egotistical, ambiguous, antagonistic, audacious, authoritarian, complicated, derogatory, dubious, melodramatic, sword battle","1318, 789, 2868, 3575, 3970, 10491, 10141, 10466, 11001, 188270, 193604, 208681, 220707, 222337, 249136, 258703, 316241, 325763, 325766, 325773, 325774, 325787, 325794, 325803, 325835, 327354",Ridley Scott,William Monahan,"Orlando Bloom, Eva Green, Jeremy Irons, David Thewlis, Ghassan Massoud",,,7.057,5004,17.907,130000000.0,218366336.0,"Scott Free Productions, BK, KOH, Reino del Cielo, Inside Track 3, 20th Century Fox, Babelsberg Film",/rNaBe4TwbMef71sgscqabpGKsxh.jpg,/8itHQecANtOevcCdr3AhVxFCYkw.jpg,KNI002.jpg,matched (genre pull)
KNI003,Gladiator II,Ridley Scott,558449,Gladiator II,Gladiator II,tt9218128,2024-11-13,2024,148,en,US,United States of America,Prepare to be entertained.,"Years after witnessing the death of the revered hero Maximus at the hands of his uncle, Lucius is forced to enter the Colosseum after his home is conquered by the tyrannical Emperors who now lead Rome with an iron fist. With rage in his heart and the future of the Empire at stake, Lucius must look to his past to find strength and honor to return the glory of Rome to its people.","Action, Adventure, Drama","28, 12, 18","gladiator, roman empire, ancient rome, sequel, epic battle, family legacy, 3rd century, fallen hero, political rival, evil tyrant, critical, sword and sandal, sword fighting, second part, baffled, compassionate, arena combat, emperor brothers, imperial corruption, roman senate","1394, 1405, 5049, 9663, 188270, 227499, 252610, 277006, 289282, 307212, 315053, 317728, 320529, 321763, 325776, 325786, 372888, 372889, 373955, 373956",Ridley Scott,"Peter Craig, David Scarpa, David Scarpa","Paul Mescal, Denzel Washington, Pedro Pascal, Connie Nielsen, Joseph Quinn",Gladiator Collection,1069584.0,6.609,4476,11.1913,310000000.0,462180717.0,"Paramount Pictures, Scott Free Productions, Lucy Fisher/Douglas Wick Productions",/2cxhvwyEwRlysAmRH4iodkvo0z5.jpg,/tOqIwliWMovSIZ9DyvHcHI7p2im.jpg,KNI003.jpg,matched (genre pull)
KNI004,King Arthur: Legend of the Sword,Guy Ritchie,274857,King Arthur: Legend of the Sword,King Arthur: Legend of the Sword,tt1972591,2017-05-10,2017,126,en,US,United States of America,From nothing comes a King,"When the child Arthur’s father is murdered, Vortigern, Arthur’s uncle, seizes the crown. Robbed of his birthright and with no idea who he truly is, Arthur comes up the hard way in the back alleys of the city. But once he pulls the sword Excalibur from the stone, his life is turned upside down and he is forced to acknowledge his true legacy... whether he likes it or not.","Action, Drama, Fantasy","28, 18, 14","sword, legend, camelot, knight, king arthur, king, excalibur, sword and sorcery, arthur","1938, 3754, 3966, 10466, 10982, 13084, 177128, 234213, 305667",Guy Ritchie,"Joby Harold, Lionel Wigram, Guy Ritchie, Joby Harold, David Dobkin","Charlie Hunnam, Jude Law, Àstrid Bergès-Frisbey, Djimon Hounsou, Eric Bana",,,6.558,6072,8.4167,175000000.0,149175066.0,"Village Roadshow Pictures, Weed Road Pictures, Wigram Productions, Safehouse Pictures, Warner Bros. Pictures",/9kKXH6eJpzoFGhCbTN3FVwSQK3n.jpg,/sVkjgKq8cwKm95LCyfrLldLbQIG.jpg,KNI004.jpg,matched (genre pull)
KNI005,Ben-Hur,William Wyler,665,Ben-Hur,Ben-Hur,tt0052618,1959-11-18,1959,212,en,US,United States of America,The entertainment experience of a lifetime!,"In ancient Judea, a Jewish aristocrat opposing Roman occupation of his homeland reunites with his childhood friend, now a Roman commander — setting in motion a saga of betrayal, adventure, tragedy, revenge, and faith.","History, Drama, Adventure","36, 18, 12","governor, middle east, based on novel or book, roman empire, politics, christianity, jew persecution, jewish life, roman, miracle, jerusalem, prince, chariot race, leprosy, redemption, religious conversion, ancient rome, love, friends, remake, revenge, judaism, religion, historical fiction, period drama, catholic, dungeon, galley, hatred, sheikh, sea battle, jewish family, galley slave, childhood sweetheart, salvation, 1st century, jesus christ, false imprisonment, judea, subjugated people, dramatic, awestruck","5744, 539, 818, 1405, 6078, 186, 2433, 2315, 3035, 2618, 3575, 3071, 3339, 3341, 11436, 10062, 5049, 9673, 9713, 9714, 9748, 11704, 11001, 12995, 15060, 18396, 34137, 154820, 158449, 168022, 182677, 191440, 192491, 209157, 215659, 222185, 230097, 239413, 276929, 278354, 311315, 325775",William Wyler,Karl Tunberg,"Charlton Heston, Stephen Boyd, Hugh Griffith, Jack Hawkins, Haya Harareet",,,7.889,3155,8.0775,15000000.0,164000000.0,Metro-Goldwyn-Mayer,/m4WQ1dBIrEIHZNCoAjdpxwSKWyH.jpg,/nk5gq5rNLBJiHvNGMRT6I9VRQX7.jpg,KNI005.jpg,matched (genre pull)
KNI006,Damsel,Juan Carlos Fresnadillo,763215,Damsel,Damsel,tt13452446,2024-03-07,2024,107,en,US,"Spain, United States of America",This is not a fairytale.,A young woman's marriage to a charming prince turns into a fierce fight for survival when she's offered up as a sacrifice to a fire-breathing dragon.,"Fantasy, Action, Adventure","14, 28, 12","princess, fire, escape, chase, kingdom, sword, cave, mountain, revenge, survival, knight, dragon, struggle for survival, hero's journey, survive, fairytale","7376, 657, 10685, 3713, 4152, 1938, 1964, 1262, 9748, 10349, 10466, 12554, 15354, 209374, 241883, 329731",Juan Carlos Fresnadillo,Dan Mazeau,"Millie Bobby Brown, Brooke Carter, Nick Robinson, Robin Wright, Milo Twomey",,,6.98,2797,6.4049,60000000.0,5000.0,"PCMA Productions, Roth-Kirschenbaum Films, Palma Pictures",/AgHbB9DCE9aE57zkHjSmseszh6e.jpg,/deLWkOLZmBNkm8p16igfapQyqeq.jpg,KNI006.jpg,matched (genre pull)
KNI007,Spartacus,Stanley Kubrick,967,Spartacus,Spartacus,tt0054331,1960-10-13,1960,197,en,US,United States of America,They trained him to kill for their pleasure ... but they trained him a little too well,"The rebellious Thracian Spartacus, born and raised a slave, is sold to Gladiator trainer Batiatus. After weeks of being trained to kill for the arena, Spartacus turns on his owners and leads the other slaves in rebellion. As the rebels move from town to town, their numbers swell as escaped slaves join their ranks. Under the leadership of Spartacus, they make their way to southern Italy, where they will cross the sea and return to their homes.","History, War, Drama, Adventure","36, 10752, 18, 12","gladiator, roman empire, gladiator fight, slavery, insurgence, ancient rome, historical fiction, torture, ancient world, slave, escaped slave, 1st century","1394, 1405, 1527, 2831, 3074, 5049, 12995, 13006, 14704, 14906, 187340, 222185",Stanley Kubrick,"Dalton Trumbo, Peter Ustinov","Kirk Douglas, Laurence Olivier, Jean Simmons, Charles Laughton, Peter Ustinov",,,7.5,2393,6.2397,12000000.0,60000000.0,"Bryna Productions, Universal Pictures",/r0Fgg1GyZgzokaiw2HFQv3oPaL2.jpg,/9caD0fGCrp96JTFFeGyI0CGNj7.jpg,KNI007.jpg,matched (genre pull)
KNI008,Robin Hood: Prince of Thieves,Kevin Reynolds,8367,Robin Hood: Prince of Thieves,Robin Hood: Prince of Thieves,tt0102798,1991-06-14,1991,143,en,US,United States of America,"For the good of all men, and the love of one woman, he fought to uphold justice by breaking the law.","Nobleman crusader Robin of Locksley breaks out of a Jerusalem prison with the help of Moorish fellow prisoner Azeem and travels back home to England. But upon arrival he discovers his dead father in the ruins of his family estate, killed by the vicious sheriff of Nottingham, Robin and Azeem join forces with outlaws Little John and Will Scarlett to save the kingdom from the sheriff's villainy.","Action, Adventure, Drama","28, 12, 18","england, crusade, folk hero, archer, sherwood forest, thief, nottingham, bow and arrow, friar, 12th century, the crusades, living in the woods, helping the poor","392, 2868, 4615, 4393, 11525, 9727, 10587, 18101, 155046, 220707, 303295, 303296, 303297",Kevin Reynolds,"John Watson, Pen Densham, Pen Densham","Kevin Costner, Morgan Freeman, Mary Elizabeth Mastrantonio, Christian Slater, Alan Rickman",,,6.854,3595,6.0131,48000000.0,390493908.0,Morgan Creek Entertainment,/hbRnWUNJkKKVN5mkcuC5ooqjE4e.jpg,/kuLk79GQq8WQb8fZxc6MtvIhPaC.jpg,KNI008.jpg,matched (genre pull)
KNI009,Army of Darkness,Sam Raimi,766,Army of Darkness,Army of Darkness,tt0106308,1992-10-31,1992,81,en,US,United States of America,Trapped in time. Surrounded by evil. Low on gas.,"Ash, a handsome, shotgun-toting, chainsaw-armed department store clerk, is time warped backwards into England's Dark Ages, where he romances a beauty and faces legions of the undead.","Fantasy, Horror, Comedy","14, 27, 35","witch, skeleton, swordplay, supermarket, prophecy, castle, time travel, catapult, incantation, time frame, pit, windmill, undead, sequel, knight, zombie, chainsaw, middle ages (476-1453), book of the dead, evil dead, necronomicon, doppelgänger, psychotronic, disturbed, 13th century, isekai, mischievous, playful, lovecraftian, witty, hilarious, dignified, enchant","616, 4062, 1400, 1545, 530, 3098, 4379, 3970, 4067, 4060, 4065, 4066, 10327, 9663, 10466, 12377, 12394, 41406, 157458, 157459, 157466, 161891, 164218, 199524, 215160, 237451, 256330, 259376, 287274, 319397, 320420, 325795, 325807",Sam Raimi,"Sam Raimi, Ivan Raimi","Bruce Campbell, Embeth Davidtz, Marcus Gilbert, Ian Abercrombie, Richard Grove",Evil Dead Collection,1960.0,7.262,3526,5.8504,11000000.0,21502976.0,"Renaissance Pictures, Introvision International, Dino de Laurentiis Communications",/xsgTuAtR2zSH8Umg3jWZcZjlDpe.jpg,/5RPXs9g0sZ9Woo4pNLxdXdge7tc.jpg,KNI009.jpg,matched (genre pull)
KNI010,A Knight's Tale,Brian Helgeland,9476,A Knight's Tale,A Knight's Tale,tt0183790,2001-05-11,2001,133,en,US,United States of America,He will rock you.,"William Thatcher, a knight's peasant apprentice, gets a chance at glory when the knight dies suddenly mid-tournament. Posing as a knight himself, William won't stop until he's crowned tournament champion—assuming matters of the heart don't get in the way.","Adventure, Drama, Romance, Action","12, 18, 10749, 28","london, england, poetry, rivalry, sword fight, knight, tournament, duel, torture, writer, impostor, church, game, jousting, medieval, aftercreditsstinger","212, 496, 9823, 9725, 10466, 12380, 12965, 13006, 13028, 13068, 14765, 18249, 34067, 161257, 179430",Brian Helgeland,Brian Helgeland,"Heath Ledger, Rufus Sewell, Shannyn Sossamon, Paul Bettany, Laura Fraser",,,6.878,3396,5.619,65000000.0,117487473.0,"Columbia Pictures, Escape Artists, Finestkind, Black and Blu Entertainment",/srb1XnrlDZHcdpjBKqUu4qAzxKU.jpg,/gkT737kgnmI6jZyXbUBJRwVbGkW.jpg,KNI010.jpg,matched (genre pull)
KNI011,Monty Python and the Holy Grail,"Terry Jones, Terry Gilliam",762,Monty Python and the Holy Grail,Monty Python and the Holy Grail,tt0071853,1975-04-03,1975,91,en,GB,United Kingdom,And now! At Last! Another film completely different from some of the other films which aren't quite the same as this one is.,"King Arthur, accompanied by his squire, recruits his Knights of the Round Table, including Sir Bedevere the Wise, Sir Lancelot the Brave, Sir Robin the Not-Quite-So-Brave-As-Sir-Lancelot and Sir Galahad the Pure. On the way, Arthur battles the Black Knight who, despite having had all his limbs chopped off, insists he can still fight. They reach Camelot, but Arthur decides not  to enter, as ""it is a silly place"".","Adventure, Comedy, Fantasy","12, 35, 14","holy grail, swordplay, england, monk, wedding reception, scotland yard, animal attack, camelot, round table, chapter, satire, parody, breaking the fourth wall, knight, king arthur, knights of the round table, 10th century, anarchic comedy, hilarious, cheerful, shaggy dog story","113, 1400, 392, 345, 11327, 770, 5160, 3966, 3968, 3969, 8201, 9755, 11687, 10466, 10982, 177129, 235499, 236316, 320420, 325782, 329894","Terry Jones, Terry Gilliam","Eric Idle, Terry Gilliam, Terry Jones, Michael Palin, Graham Chapman, John Cleese, Thomas Malory","Graham Chapman, John Cleese, Eric Idle, Terry Gilliam, Terry Jones",,,7.807,6432,5.028,400000.0,5763644.0,"Python (Monty) Pictures, Michael White Productions, National Film Trustee Company, EMI Films",/h3rksLHevpCbHfSoaUXm85nt2CH.jpg,/1KgXxv6tHXOnakqYvMPvFwYKWiw.jpg,KNI011.jpg,matched (genre pull)
KNI012,Robin Hood,Ridley Scott,20662,Robin Hood,Robin Hood,tt0955308,2010-05-12,2010,140,en,"US, GB",United States of America,"Rise and rise again, until lambs become lions","When soldier Robin happens upon the dying Robert of Loxley, he promises to return the man's sword to his family in Nottingham. There, he assumes Robert's identity; romances his widow, Marion; and draws the ire of the town's sheriff and King John's henchman, Godfrey.","Action, Adventure, History, Drama","28, 12, 36, 18","robin hood, archer, sherwood forest, knight, historical fiction, bow and arrow, middle ages (476-1453), medieval, king of england, 12th century, whimsical, appreciative, vibrant","4147, 4393, 11525, 10466, 12995, 18101, 41406, 161257, 186686, 220707, 324713, 325769, 325856",Ridley Scott,"Brian Helgeland, Brian Helgeland, Cyrus Voris, Ethan Reiff","Russell Crowe, Cate Blanchett, Max von Sydow, William Hurt, Mark Strong",,,6.397,5027,4.9252,200000000.0,321669741.0,"Imagine Entertainment, Relativity Media, Scott Free Productions",/kE4Wie1VVRGQbVSIsEnxmly3FqZ.jpg,/gxJnDz2W566PRdYKCaJrp1FpRRI.jpg,KNI012.jpg,matched (genre pull)
KNI013,Robin Hood,Otto Bathurst,375588,Robin Hood,Robin Hood,tt4532826,2018-11-03,2018,116,en,"FR, HR, US, HU, HK",United States of America,The legend you know. The story you don’t.,A war-hardened Crusader and his Moorish commander mount an audacious revolt against the corrupt English crown.,"Adventure, Action, Thriller, Fantasy","12, 28, 53, 14","sheriff, affectation, robin hood, archer, sherwood forest, thief, nottingham, steampunk, middle ages (476-1453), medieval, nostalgic, philosophical, hoodie, inspirational, absurd, dramatic, admiring, adoring, amused, earnest","798, 2803, 4147, 4393, 11525, 9727, 10587, 10028, 41406, 161257, 164246, 212737, 217631, 281585, 309974, 311315, 325761, 325762, 325765, 325804",Otto Bathurst,"Ben Chandler, David James Kelly, Ben Chandler","Taron Egerton, Jamie Foxx, Ben Mendelsohn, Eve Hewson, Jamie Dornan",,,5.91,3155,4.8497,100000000.0,86493046.0,"Appian Way, Safehouse Pictures, Summit Entertainment, Thunder Road, TIK Films, EMG Management, Lionsgate",/AiRfixFcfTkNbn2A73qVJPlpkUo.jpg,/9KKT8qPAII0VJMpviThOTMLN0Wt.jpg,KNI013.jpg,matched (genre pull)
KNI014,King Arthur,Antoine Fuqua,9477,King Arthur,King Arthur,tt0349683,2004-07-07,2004,126,en,US,"Ireland, United Kingdom, United States of America",Rule Your Fate.,"The story of the Arthurian legend, based on the 'Sarmatian hypothesis' which contends that the legend has a historical nucleus in the Sarmatian heavy cavalry troops stationed in Britain, and that the Roman-British military commander, Lucius Artorius Castus is the historical person behind the legend.","Adventure, War, History, Action, Drama","12, 10752, 36, 28, 18","roman empire, king arthur, battle, 5th century, northumbria, hadrian’s wall","1405, 10982, 14643, 213096, 223786, 259421",Antoine Fuqua,David Franzoni,"Clive Owen, Ioan Gruffudd, Keira Knightley, Mads Mikkelsen, Joel Edgerton",,,6.309,2929,4.7626,120000000.0,203567857.0,"Jerry Bruckheimer Films, World 2000 Entertainment, Touchstone Pictures, Green Hills Productions",/iKLZEAnjzr51Ij7TJtNejc5CN3i.jpg,/zmtOyU6pE6PbyMJiNqiISMOIRS5.jpg,KNI014.jpg,matched (genre pull)
KNI015,The Seventh Seal,Ingmar Bergman,490,The Seventh Seal,Det sjunde inseglet,tt0050976,1957-02-16,1957,96,sv,SE,Sweden,The story of a challenge to death.,"When disillusioned Swedish knight Antonius Block returns home from the Crusades to find his country in the grips of the Black Death, he challenges Death to a chess match for his life. Tormented by the belief that God does not exist, Block sets off on a journey, meeting up with traveling players Jof and his wife, Mia, and becoming determined to evade Death long enough to commit one redemptive act while he still lives.","Fantasy, Drama","14, 18","witch, dying and death, blacksmith, chess, countryside, allegory, crusade, artist, juggler, witch burning, last judgment, symbolism, sense of life, matter of life and death, grim reaper, black and white, demon, belief in god, middle ages (476-1453), meaning of life, virgin mary, black death, playing chess, death personified, death incarnate, life teacher, metaphysical, 14th century, seeking a god, metaphysical drama, metaphysics, mysticism, kabbalah, spiritism, the virgin mary, ambiguous, facing death","616, 3737, 1318, 316, 548, 1501, 2868, 2679, 2869, 2871, 2829, 1715, 2875, 5144, 11187, 12999, 15001, 18071, 41406, 177146, 178611, 179870, 182210, 208313, 209837, 213227, 235487, 237612, 262074, 313413, 314626, 318717, 325763, 361486",Ingmar Bergman,Ingmar Bergman,"Gunnar Björnstrand, Bengt Ekerot, Nils Poppe, Max von Sydow, Bibi Andersson",,,8.152,3358,4.7102,150000.0,311212.0,SF Studios,/wcZ21zrOsy0b52AfAF50XpTiv75.jpg,/6s2BqtDvp1BMiP70zCDU5OW6hMy.jpg,KNI015.jpg,matched (genre pull)
KNI016,The Green Knight,David Lowery,559907,The Green Knight,The Green Knight,tt9243804,2021-07-29,2021,130,en,US,"Canada, Ireland, United States of America",When honor was everything.,"An epic fantasy adventure based on the timeless Arthurian legend, The Green Knight tells the story of Sir Gawain, King Arthur's reckless and headstrong nephew, who embarks on a daring quest to confront the eponymous Green Knight, a gigantic emerald-skinned stranger and tester of men.","Adventure, Drama, Fantasy","12, 18, 14","winter, fox, camelot, king arthur, middle ages (476-1453), excalibur, knights of the round table, aftercreditsstinger, decapitated head, based on myths, legends or folklore, meditative, christmas, quest, philosophical, myth, gawain, cautionary, medieval knight, intense, earnest","1442, 2527, 3966, 10982, 41406, 177128, 177129, 179430, 183559, 185343, 197056, 207317, 207372, 212737, 227686, 248988, 266753, 271888, 321464, 325804",David Lowery,David Lowery,"Dev Patel, Alicia Vikander, Joel Edgerton, Sarita Choudhury, Sean Harris",,,6.606,2216,3.9668,15000000.0,18887953.0,"A24, Bron Studios, Sailor Bear, Ley Line Entertainment, Wild Atlantic Pictures",/if4hw3Ou5Sav9Em7WWHj66mnywp.jpg,/kIQc0kkqIYTo65x5XjlKgqdDQ6a.jpg,KNI016.jpg,matched (genre pull)
KNI017,Excalibur,John Boorman,11527,Excalibur,Excalibur,tt0082348,1981-04-10,1981,141,en,GB,"United Kingdom, United States of America",Forged by a god. Foretold by a wizard. Found by a king.,"Arthur fulfills his fate by bringing together the Knights of the Round Table at Camelot and unifying the country. However, this flawed monarch faces greater tests ahead in pursuit of love, the Holy Grail, and his nation's survival.","Adventure, Fantasy","12, 14","witch, adultery, holy grail, love triangle, england, magic, prophecy, fog, mythology, castle, vision, knight, king arthur, tournament, duel, battle, mist, excalibur, wizard, lancelot, sword and sorcery, epic","616, 596, 113, 128, 392, 2343, 530, 3002, 2035, 3098, 10629, 10466, 10982, 12380, 12965, 14643, 169613, 177128, 177912, 184663, 234213, 377433",John Boorman,"John Boorman, Rospo Pallenberg","Nigel Terry, Nicol Williamson, Helen Mirren, Nicholas Clay, Paul Geoffrey",,,6.954,1155,3.8709,11000000.0,35000000.0,"Orion Pictures, Cinema 84",/cTWF6zkr5mUOnheowKODIijWYcN.jpg,/mrabn7LREC8HOBBUyQIXZsQvWk3.jpg,KNI017.jpg,matched (genre pull)
KNI018,DragonHeart,Rob Cohen,8840,DragonHeart,DragonHeart,tt0116136,1996-05-31,1996,103,en,US,United States of America,You will believe.,"In an ancient time when majestic fire-breathers soared through the skies, a knight named Bowen comes face to face and heart to heart with the last dragon on Earth, Draco. Taking up arms to suppress a tyrant king, Bowen soon realizes his task will be harder than he'd imagined: If he kills the king, Draco will die as well.","Fantasy, Action, Adventure, Drama","14, 28, 12, 18","swordplay, magic, kingdom, immortality, prince, despot, mythical creature, sword fight, revenge, knight, king arthur, dragon, battle, medieval, dragonslayer, scheme, sword and sorcery, 10th century, talking dragon, good versus evil, evil king, last of its kind","1400, 2343, 4152, 4978, 3071, 4798, 5457, 9725, 9748, 10466, 10982, 12554, 14643, 161257, 173905, 211614, 234213, 235499, 252344, 269233, 307254, 307255",Rob Cohen,"Charles Edward Pogue, Patrick Read Johnson","Dennis Quaid, Sean Connery, David Thewlis, Dina Meyer, Pete Postlethwaite",DragonHeart Collection,169452.0,6.559,2157,3.7445,57000000.0,115267375.0,Universal Pictures,/1J2FvxEoEKMFT9TjUdfhm0MJhZD.jpg,/xbqluNfftDJtxDsqcpx9kKme4LF.jpg,KNI018.jpg,matched (genre pull)
KNI019,Centurion,Neil Marshall,23759,Centurion,Centurion,tt1020558,2010-02-15,2010,97,en,GB,"France, United Kingdom",History is written in blood,"Britain, A.D. 117. Quintus Dias, the sole survivor of a Pictish raid on a Roman frontier fort, marches north with General Virilus' legendary Ninth Legion, under orders to wipe the Picts from the face of the Earth and destroy their leader, Gorlacon.","Adventure, Action, Drama","12, 28, 18","roman empire, ancient rome, ancient world, britain, behind enemy lines, sole survivor, 2nd century, hadrian’s wall, pathetic","1405, 5049, 14704, 14905, 158778, 161240, 235792, 259421, 281445",Neil Marshall,Neil Marshall,"Michael Fassbender, Olga Kurylenko, David Morrissey, Liam Cunningham, Dominic West",,,6.236,1565,3.5916,12000000.0,6890432.0,"UK Film Council, Celador Films, Pathé",/9ZdfrcP2QCqoRSk7JF06tDWtrhP.jpg,/idcccRSENk7fv4aRMHo7BY6jHoo.jpg,KNI019.jpg,matched (genre pull)
KNI020,The Eagle,Kevin Macdonald,49494,The Eagle,The Eagle,tt1034389,2011-02-08,2011,114,en,"US, GB",United States of America,The destiny of a soldier. The honour of a slave. The fate of an empire.,"In 140 AD, twenty years after the unexplained disappearance of the entire Ninth Legion in the mountains of Scotland, young centurion Marcus Aquila arrives from Rome to solve the mystery and restore the reputation of his father, the commander of the Ninth. Accompanied only by his British slave Esca, Marcus sets out across Hadrian's Wall into the uncharted highlands of Caledonia - to confront its savage tribes, make peace with his father's memory, and retrieve the lost legion's golden emblem, the Eagle of the Ninth.","Adventure, Drama","12, 18","roman empire, scotland, slavery, eagle, ancient rome, honor, disappearance, ancient world, britain, slave, scottish highlands, 2nd century, hadrian’s wall","1405, 388, 2831, 5350, 5049, 9812, 10941, 14704, 14905, 14906, 234722, 235792, 259421",Kevin Macdonald,Jeremy Brock,"Channing Tatum, Mark Strong, Jamie Bell, Donald Sutherland, Denis O'Hare",,,6.242,1426,3.3254,25000000.0,27122040.0,"Prime Focus, Toledo Productions, Focus Features, Twins Financing, Film4 Productions",/mbsdwO4lfIARqt35VVTM0UlYkhZ.jpg,/k78NOxPHrWCDmBnVx0fux37Vv05.jpg,KNI020.jpg,matched (genre pull)
KNI021,First Knight,Jerry Zucker,6520,First Knight,First Knight,tt0113071,1995-07-07,1995,134,en,US,United States of America,Their greatest battle would be for her love.,"The timeless tale of King Arthur and the legend of Camelot are retold in this passionate period drama. Arthur is reluctant to hand the crown to Lancelot, and Guinevere is torn between her loyalty to her husband and her growing love for his rival. But Lancelot must balance his loyalty to the throne with the rewards of true love.","Action, Adventure, Drama, Romance","28, 12, 18, 10749","camelot, betrayal, knight, king arthur, love affair, excalibur, knights of the round table, lancelot","3966, 10085, 10466, 10982, 14720, 177128, 177129, 184663",Jerry Zucker,"Lorne Cameron, William Nicholson, William Nicholson, David Hoselton","Sean Connery, Richard Gere, Julia Ormond, Ben Cross, Liam Cunningham",,,6.106,1341,3.1971,55000000.0,127600435.0,"First Knight Productions, Columbia Pictures, Zucker Brothers Productions",/dJH5bwtu3UxbwRsSlhlhmMrV8ZH.jpg,/tsgEdYjwWVhdGHv01djx7KdXDJm.jpg,KNI021.jpg,matched (genre pull)
KNI022,Last Knights,Kazuaki Kiriya,308504,Last Knights,Last Knights,tt2493486,2015-04-03,2015,115,en,"US, GB","Czech Republic, Japan, South Korea, United States of America",,"When an evil emperor executes their leader, his band of knights – bound by duty and honour – embarks on a journey of vengeance that will not come to an end until they've destroyed their mortal foe.","Action, Adventure","28, 12","loyalty, emperor, castle, sword fight, revenge, honor, knight, master, medieval, warrior, corrupt","1797, 2280, 3098, 9725, 9748, 9812, 10466, 33401, 161257, 192913, 199518",Kazuaki Kiriya,"Michael Konyves, Dove Sussman","Clive Owen, Morgan Freeman, Aksel Hennie, Shohreh Aghdashloo, James Babson",,,6.397,1156,3.1315,40000000.0,3643591.0,"Luka Productions, Route One Entertainment, Sovik Global Contents Fund, DMM.com, Union Investment Partners, CJ Entertainment, Channel A, Czech Anglo Pictures, Lotte Entertainment, Maeil Broadcasting Network, Arclight Films, Lionsgate",/kDDwAQHkqPy8RYQc38lFTuRw8Ro.jpg,/rdDcZHklNkHHApjcBd0qTK7YzJr.jpg,KNI022.jpg,matched (genre pull)
KNI023,The Adventures of Robin Hood,"William Keighley, Michael Curtiz",10907,The Adventures of Robin Hood,The Adventures of Robin Hood,tt0029843,1938-05-13,1938,102,en,US,United States of America,Excitement... Danger... Suspense... as this classic adventure story sweeps across the screen!,Robin Hood fights nobly for justice against the evil Sir Guy of Gisbourne while striving to win the hand of the beautiful Maid Marian.,"Adventure, Romance","12, 10749","sword, repayment, robin hood, archer, richard the lionheart, sherwood forest, sword fight, nottingham, historical fiction, disguise, swashbuckler, medieval, based on myths, legends or folklore, saxons, action hero, 12th century, vigilante justice, antagonistic","1938, 1522, 4147, 4393, 3024, 11525, 9725, 10587, 12995, 18118, 157186, 161257, 185343, 207374, 219404, 220707, 266013, 325766","William Keighley, Michael Curtiz","Norman Reilly Raine, Seton I. Miller","Errol Flynn, Olivia de Havilland, Basil Rathbone, Claude Rains, Patric Knowles",,,7.475,847,2.7439,2033000.0,3981000.0,Warner Bros. Pictures,/4mazyXEMkmLw5h6076yyNSm9uv0.jpg,/yjnfM8QmrXQkWl8dUimsDGl73el.jpg,KNI023.jpg,matched (genre pull)
KNI024,Iron Monkey,Yuen Woo-ping,12780,Iron Monkey,黃飛鴻之鐵馬騮,tt0108148,1993-09-03,1993,90,cn,HK,"Hong Kong, Taiwan",Unmask the legend.,"In this Hong Kong variation of Robin Hood, corrupt officials of a Chinese village are robbed by a masked bandit known as ""Iron Monkey"", named after a benevolent deity. When all else fails, the Governor forces a traveling physician into finding the bandit.","Action, Crime, Drama","28, 80, 18","martial arts, kung fu, secret identity, robin hood, iron monkey","779, 780, 1308, 4147, 158513",Yuen Woo-ping,"Tsui Hark, Elsa Tang Bik-Yin, Lau Tai-Muk, Charcoal Tan","Yu Rongguang, Donnie Yen, Jean Wang Ching-Ying, Angie Tsang Sze-Man, Yen Shi-Kwan",Iron Monkey Collection,579913.0,7.448,328,2.6018,11000000.0,14694904.0,"Orange Sky Golden Harvest, Film Workshop, Long Shong Pictures",/qXYISomt08V5PUqCzYRLVSQZmWP.jpg,/YmNqLZwBs3KB81Wpk30fh8faxe.jpg,KNI024.jpg,matched (genre pull)
KNI025,Agora,Alejandro Amenábar,26428,Agora,Agora,tt1186830,2009-05-17,2009,127,en,US,Spain,"Alexandria, Egypt. 391 A.D. The World Changed Forever.","A historical drama set in Roman Egypt, concerning philosopher Hypatia of Alexandria and her relationship with her slave Davus, who is torn between his love for her and the possibility of gaining his freedom by joining the rising tide of Christianity.","Adventure, Drama, History","12, 18, 36","egypt, new love, roman empire, christianity, philosophy, cult, historical figure, sword fight, love, ancient world, destiny, hypatia, misogyny, persecution, library of alexandria, atheism, political unrest, impossible love, false history, power relations, unfulfillment, master servant relationship, unfulfilled love, 5th century","1160, 1605, 1405, 186, 490, 6158, 6165, 9725, 9673, 14704, 40850, 161164, 161166, 161167, 161168, 161203, 165259, 179367, 190532, 193554, 206709, 206713, 206716, 213096",Alejandro Amenábar,"Mateo Gil, Alejandro Amenábar","Rachel Weisz, Max Minghella, Oscar Isaac, Ashraf Barhom, Michael Lonsdale",,,6.99,1562,2.2423,70000000.0,39457342.0,"Mod Producciones, Himenóptero, Telecinco Cinema",/1xsFa6I5vDd2UI1AJ1tsW7BUChv.jpg,/bdms9QMM4y6NBKIvXDINsKnK0Fj.jpg,KNI025.jpg,matched (genre pull)
KNI026,Ironclad,Jonathan English,38543,Ironclad,Ironclad,tt1233301,2011-03-03,2011,121,en,"US, GB","United Kingdom, United States of America",Heavy metal goes medieval.,"In the year 1215, the rebel barons of England have forced their despised King John to put his royal seal on the Magna Carta, a seminal document that upheld the rights of free men. Yet within months of pledging himself to the great charter, the King reneged on his word and assembled a mercenary army on the south coast of England with the intention of bringing the barons and the country back under his tyrannical rule. Barring his way stood the mighty Rochester castle, a place that would become the symbol of the rebel's momentous struggle for justice and freedom.","Romance, Adventure, Action, History","10749, 12, 28, 36","hero, ambush, fight, castle, battlefield, knight, duel, king, knight templars, 13th century","1701, 502, 1721, 3098, 10141, 10466, 12965, 13084, 208681, 215160",Jonathan English,"Jonathan English, Erick Kastel","James Purefoy, Kate Mara, Jason Flemyng, Paul Giamatti, Brian Cox",Ironclad Collection,259085.0,6.15,804,2.0911,25000000.0,5151023.0,"Perpetual Media Capital, Mythic International Entertainment, ContentFilm International, Premiere Picture, Rising Star Productions, Silver Reel, Wales Creative IP Fund, Molinare Investment, VIP Medienfonds 4",/h7CP12wAThhw2WSOA1uIAqxg1fS.jpg,/rprg34i9MfIRAJdBcjAWaV7JXRe.jpg,KNI026.jpg,matched (genre pull)
KNI027,Ivanhoe,Richard Thorpe,26175,Ivanhoe,Ivanhoe,tt0044760,1952-07-31,1952,106,en,,"United Kingdom, United States of America",At Last on the Screen ! Biggest Spectacle since QUO VADIS!,Sir Walter Scott's classic story of the chivalrous Ivanhoe who joins with Robin of Locksley in the fight against Prince John and for the return of King Richard the Lionheart.,"Adventure, Romance, History","12, 10749, 36","countryside, based on novel or book, crusade, castle, robin hood, richard the lionheart, sword fight, battlefield, knight, tournament, historical fiction, king, jousting, medieval, witch trial, peplum, ivanhoe, warrior, jester, saxons, 12th century, templar, normans","548, 818, 2868, 3098, 4147, 3024, 9725, 10141, 10466, 12380, 12995, 13084, 34067, 161257, 181820, 187305, 190802, 192913, 193262, 207374, 220707, 249693, 349827",Richard Thorpe,"Noel Langley, Marguerite Roberts","Robert Taylor, Elizabeth Taylor, Joan Fontaine, George Sanders, Emlyn Williams",,,6.8,199,1.9002,3842000.0,10878000.0,"Metro-Goldwyn-Mayer, Loew's Incorporated, Metro-Goldwyn-Mayer British Studios",/bH2cat7MemIGLevYqCUrXkBCDiC.jpg,/tJ2b4rWJeuSM728JTtoXZL0EFbf.jpg,KNI027.jpg,matched (genre pull)
KNI028,Spartacus,Robert Dornhelm,32528,Spartacus,Spartacus,tt0361240,2004-03-17,2004,174,en,US,United States of America,,"Sentenced to spend out the rest of his adult life laboring in the harsh deserts of Egypt, the Thracian slave Spartacus gets a new lease on life when he is purchased by the obese owner of a Roman gladiator school. Moved by the defiance of an Ethiopian warrior, Draba, Spartacus leads a slave uprising which threatens Rome's status quo. As Spartacus gains sympathy within the Roman Senate, he also makes a powerful enemy in form of Marcus Lucinius Crassus, who makes it a matter of personal honor to crush the rebellion.","Action, Drama","28, 18","gladiator, rome, italy, roman empire, gladiator fight, slavery, ancient rome, ancient world, slave, escaped slave","1394, 588, 1405, 1527, 2831, 5049, 14704, 14906, 187340",Robert Dornhelm,,"Goran Višnjić, Alan Bates, Angus Macfadyen, Rhona Mitra, Ian McNeice",,,6.706,80,1.7673,,,"USA Cable Entertainment, Nimar Studios",/4qDIb9K9qLxCVT8cKGt5YrF54Xb.jpg,/9vmV4vowql7e2WNcPcZzn1iGR66.jpg,KNI028.jpg,matched (genre pull)
KNI029,Barabbas,Richard Fleischer,24248,Barabbas,Barabbas,tt0055774,1961-12-23,1961,137,en,US,"United States of America, Italy",The man of violence in whose place Christ died,"Epic account of the thief Barabbas, who was pardoned for his crimes and spared crucifixion when Pilate offered the Israelites a choice to pardon Barabbas or Jesus. Struggling with his spirituality, Barabbas goes through many ordeals leading him to the gladiatorial arena, where he tries to win his freedom and confront his inner demons, ultimately becoming a follower of the man who was crucified in his place.","History, Drama, Adventure","36, 18, 12","roman empire, christianity, crucifixion, bible, biography, catholic, peplum, barabbas, 1st century, jesus christ, roman legion, christian film, pôncio pilatos, judeia, pontius pilatus, first emperor of rome","1405, 186, 3571, 3036, 5565, 18396, 187305, 211634, 222185, 230097, 247832, 253695, 257734, 257735, 257736, 257737",Richard Fleischer,"Diego Fabbri, Salvatore Quasimodo, Christopher Fry, Nigel Balchin, Ivo Perilli","Anthony Quinn, Silvana Mangano, Arthur Kennedy, Katy Jurado, Harry Andrews",,,6.899,179,1.7511,,5800000.0,"DDL Cinematografica, Columbia Pictures",/8qTylsK58cNc9hP7cQksi65j8JW.jpg,/4tVL360DCWMcCmBnw12AFbB5cNQ.jpg,KNI029.jpg,matched (genre pull)
KNI030,The Visitors II: The Corridors of Time,Jean-Marie Poiré,10353,The Visitors II: The Corridors of Time,Les Couloirs du temps : Les Visiteurs II,tt0120882,1998-02-11,1998,118,fr,FR,France,They come back!,"The sequel to The Visitors reunites us with those lovable ruffians from the French Medieval ages who - through magic - are transported into the present, with often drastic consequences. Godefroy de Montmirail travels to today to recover the missing family jewels and a sacred relic, guarantor of his wife-to-be's fertility. The confrontation between Godefroy's repellent servant Jack the Crack and his descendent, the effete Jacquart, present-day owner of the chateau, further complicates the matter.","Comedy, Fantasy","35, 14","time travel, french revolution, knight, wedding, demon, middle ages (476-1453)","4379, 4319, 10466, 13027, 15001, 41406",Jean-Marie Poiré,"Jean-Marie Poiré, Christian Clavier","Christian Clavier, Jean Reno, Muriel Robin, Marie-Anne Chazel, Christian Bujeau",The Visitors Collection,52888.0,6.039,1071,1.5972,23030000.0,66000000.0,"Gaumont, CNC, Canal+, France 3 Cinéma",/c1xMb4GfTuyKSRUoeewBF27dtKa.jpg,/8PoskoYT4QQqE7MtExsK0oS9yp9.jpg,KNI030.jpg,matched (genre pull)
KNI031,Camelot,Joshua Logan,18978,Camelot,Camelot,tt0061439,1967-10-25,1967,180,en,US,United States of America,Relive the songs. Relive the romance. Relive the music. Relive the drama. Relive the magic.,"The plot of his illegitimate son Mordred to gain the throne, and Guinevere's growing attachment to Sir Lancelot, threatens to topple King Arthur and destroy his ""round table"" of knights.","Adventure, Music, Romance","12, 10402, 10749","love triangle, camelot, musical, based on play or musical, knight, king arthur, jousting, middle ages (476-1453), knights of the round table, lancelot, adulterous wife, in love with best friend's girl","128, 3966, 4344, 10181, 10466, 10982, 34067, 41406, 177129, 184663, 248288, 313445",Joshua Logan,Alan Jay Lerner,"Richard Harris, Vanessa Redgrave, Franco Nero, David Hemmings, Lionel Jeffries",,,6.227,77,1.5919,13000000.0,31500000.0,Warner Bros.-Seven Arts,/1ohPMbfmQVg0Zzy9wkySm1w8Kr7.jpg,/s1kHDtPr5pn11OqwTlTREAelSRl.jpg,KNI031.jpg,matched (genre pull)
KNI032,Ivanhoe,Douglas Camfield,39382,Ivanhoe,Ivanhoe,tt0084157,1982-02-23,1982,137,en,"GB, US",United Kingdom,The adventure of a lifetime!,"Ivanhoe, a worthy and noble knight, the champion of justice returns to England after the holy wars, and finds England under the reign of Prince John and his henchmen and finds himself being involved in the power-struggle for the throne of England.","History, Adventure, TV Movie","36, 12, 10770","knight, miniseries, jousting, middle ages (476-1453), 12th century","10466, 11162, 34067, 41406, 220707",Douglas Camfield,"Walter Scott, John Gay","Anthony Andrews, James Mason, Sam Neill, Michael Hordern, Julian Glover",,,6.364,59,1.3105,,,"Rosemont Productions, Columbia Pictures Television",/rxlRUnpg8bFF1r2kBfB3w2rUAH4.jpg,/u525o4tf33ae0o1k5B08mnbaJhd.jpg,KNI032.jpg,matched (genre pull)
KNI033,Arn: The Knight Templar,Peter Flinth,13491,Arn: The Knight Templar,Arn: Tempelriddaren,tt0837106,2007-12-25,2007,139,sv,SE,"Denmark, Finland, Norway, United Kingdom, Sweden, Germany",A Knight in the Holy Land. A Woman in the Frozen North. A War that Kept Them Apart.,"Arn, the son of a high-ranking Swedish nobleman is educated in a monastery and sent to the Holy Land as a knight templar to do penance for a forbidden love.","Action, Adventure, Drama, Romance","28, 12, 18, 10749","based on novel or book, crusader, swordplay, crusade, middle ages (476-1453), mother child separation, 12th century, lovers separated","818, 2901, 1400, 2868, 41406, 193460, 220707, 285853",Peter Flinth,Hans Gunnarsson,"Joakim Nätterqvist, Sofia Helin, Stellan Skarsgård, Michael Nyqvist, Mirja Turestedt",Arn Collection,86797.0,6.3,312,1.3002,25000000.0,,"YLE, DR, Telepool, TV4, SF Norge, Molinare Studios, SF Studios, Juonifilmi, Arion Communications Ltd., Sheba Films, Europa Sound Production, Film i Väst, Dagsljus Filmequipment, Tju Bang Film, TV 2",/kN8C9K9bSQ01lItuEqYzROYErAX.jpg,/dUg9UcQgfMhTdvLqrHnel5YEMVQ.jpg,KNI033.jpg,matched (genre pull)
KNI034,Knightriders,George A. Romero,22167,Knightriders,Knightriders,tt0082622,1981-04-10,1981,147,en,US,United States of America,The Games... The Romance... The Spirit... Camelot is a state of mind.,"A medieval reenactment troupe struggles to maintain its family-like dynamic amid pressure from local authorities, interest from talent agents, and their so-called king's delusions of grandeur.","Action, Drama","28, 18","knight, motorcycle, jousting, troupe, magician, bikers, renaissance troupe, renaissance faire","10466, 14735, 34067, 206999, 236458, 254801, 308518, 308519",George A. Romero,George A. Romero,"Ed Harris, Gary Lahti, Tom Savini, Amy Ingersoll, Patricia Tallman",,,6.202,124,1.2971,3000000.0,,"Laurel Entertainment, United Film Distribution Company (UFDC)",/lawtQYZvwrjHMNkvrKWAF93tIoK.jpg,/kmZI8YxyYC0XDSEfehARUnCxAss.jpg,KNI034.jpg,matched (genre pull)
KNI035,Kaamelott: The Second Chapter (Part I),Alexandre Astier,1076897,Kaamelott: The Second Chapter (Part I),"Kaamelott : Deuxième Volet, partie 1",tt34624872,2025-10-22,2025,139,fr,FR,France,,"After reclaiming Kaamelott from Lancelot's tyrannical rule, Arthur spares his life, defying Celtic gods. Knights must prove themselves for Table Round seats while Arthur faces new threats as king.","Adventure, Fantasy, Comedy, History","12, 14, 35, 36","round table, knight, king arthur, excalibur, knights of the round table, based on tv series","3968, 10466, 10982, 177128, 177129, 269769",Alexandre Astier,Alexandre Astier,"Alexandre Astier, Jean-Christophe Hembert, Thomas Cousseau, Anne Girouard, Christian Clavier",Kaamelott Collection,1076903.0,6.039,114,1.2643,20000000.0,,"Regular Production, SND, Beside Productions",/wcyCxRZ9XLoQYQigV33egY7dQgR.jpg,/8hH8oViZnmWqyd7edBqlRjizoel.jpg,KNI035.jpg,matched (genre pull)
KNI036,Robin and Marian,Richard Lester,10786,Robin and Marian,Robin and Marian,tt0075147,1976-03-11,1976,106,en,US,United States of America,Love is the greatest adventure of all.,"Robin Hood, aging none too gracefully, returns exhausted from the Crusades to woo and win Maid Marian one last time.","Adventure, Romance","12, 10749","england, crusade, robin hood, 12th century","392, 2868, 4147, 220707",Richard Lester,James Goldman,"Sean Connery, Audrey Hepburn, Robert Shaw, Richard Harris, Nicol Williamson",,,6.293,270,1.1682,5000000.0,,"Columbia Pictures, Rastar Productions",/y2UlVt6U8mFeegVL42rZjD5y6c7.jpg,/lw5HdgozS0j9rwqHWyDycgAa3GJ.jpg,KNI036.jpg,matched (genre pull)
KNI037,Kaamelott: The First Chapter,Alexandre Astier,577242,Kaamelott: The First Chapter,Kaamelott : Premier Volet,tt9844322,2021-07-21,2021,120,fr,FR,France,Patience is better served with sauce,"Hidden in Rome, King Arthur is planning his return to oppose the army of his former friend Lancelot.","Adventure, Fantasy, Comedy","12, 14, 35","holy grail, king arthur, knights of the round table, based on tv series","113, 10982, 177129, 269769",Alexandre Astier,Alexandre Astier,"Alexandre Astier, Lionnel Astier, Anne Girouard, Thomas Cousseau, Franck Pitiot",Kaamelott Collection,1076903.0,6.611,751,1.1077,17516235.0,19002036.0,"SND, CNC, Sacem, M6 Films, Calt Production, Dies Irae, Belga Productions, Auvergne-Rhône-Alpes Cinéma, Région Auvergne-Rhône-Alpes, Regular Production",/hfq2Wgm86DeXGxcBrrpk9EShAZ8.jpg,/avVKoXUcYF0Cum0r9jsyboCyG4M.jpg,KNI037.jpg,matched (genre pull)
KNI038,Princess of Thieves,Peter Hewitt,5764,Princess of Thieves,Princess of Thieves,tt0272790,2001-03-11,2001,88,en,US,"United States of America, Romania","If you thought Robin Hood broke all the rules, wait until you meet his daughter!","Sherwood forest has a courageous new hero - Gwyn, the daughter of Robin Hood. Possessing the cunning skills of her legendary father and the beauty and intelligence of her mother Maid Marian, Gwyn is anxious to follow in her father's footsteps. King Richard nears death and Robin Hood and his Merry Men are summoned to help bring Richard's son Philip to his rightful place on the throne before the evil Prince John can assume power. Robin Hood's life and that of the future King of England soon lies in Gwyn's hands when Robin is captured and sentenced to death.","Adventure, Action, TV Movie","12, 28, 10770","robin hood, hood, arrow, wood, arch","4147, 10700, 11715, 208293, 219416",Peter Hewitt,Robin Lerner,"Keira Knightley, Stephen Moyer, Malcolm McDowell, Stuart Wilson, Jonathan Hyde",,,6.095,158,1.0181,,,Granada Entertainment,/53A3XgzJOTSWQfJFI3FjPMWTt0L.jpg,/qefyZuDt0qnLCIziSfxWKsiFCTV.jpg,KNI038.jpg,matched (genre pull)
KNI039,Prince Valiant,Henry Hathaway,65994,Prince Valiant,Prince Valiant,tt0047365,1954-04-05,1954,100,en,US,United States of America,The Golden Age of Adventure Comes Alive as the Vikings Storm the Screen,A young Viking prince strives to become a knight in King Arthur's Court and restore his exiled father to his rightful throne.,"Adventure, Action, Romance","12, 28, 10749","camelot, exile, vikings (norsemen), based on comic, sword fight, knight, king arthur, duel, jousting, middle ages (476-1453), swashbuckler, knights of the round table, squire, gawain","3966, 4849, 5895, 9717, 9725, 10466, 10982, 12965, 34067, 41406, 157186, 177129, 222842, 248988",Henry Hathaway,Dudley Nichols,"James Mason, Janet Leigh, Robert Wagner, Debra Paget, Sterling Hayden",,,6.1,66,0.9198,2970000.0,3373.0,20th Century Fox,/o7q1JvtEmU46XecF9NWw7kmiswS.jpg,/uFaPbmctlO9Tb1646Or7Tw58Mo9.jpg,KNI039.jpg,matched (genre pull)
KNI040,A Connecticut Yankee in King Arthur's Court,Tay Garnett,36848,A Connecticut Yankee in King Arthur's Court,A Connecticut Yankee in King Arthur's Court,tt0041259,1949-04-18,1949,106,en,US,United States of America,Its laughter will ring through the centuries!,"A bump on the head sends Hank Martin, 1905 auto mechanic, to Arthurian England, 528 A.D., where he is befriended by Sir Sagramore le Desirous and gains power by judicious use of technology. He and Alisande, the King's niece, fall in love at first sight, which draws unwelcome attention from her fiancée Sir Lancelot; but worse trouble befalls when Hank meddles in the kingdom's politics.","Comedy, Fantasy, Music, Romance","35, 14, 10402, 10749","blacksmith, based on novel or book, england, love at first sight, time travel, death sentence, camelot, connecticut, mechanic, king arthur, gunsmith, american abroad, jousting, medieval, corrupt agent, lancelot, trickery, fake miracle, 6th century, redhead, passing stranger, romantic fantasy, men fight over a woman","1318, 818, 392, 699, 4379, 3437, 3966, 6981, 10260, 10982, 12433, 34061, 34067, 161257, 175419, 184663, 225161, 237376, 252571, 295892, 301102, 323305, 337442",Tay Garnett,Edmund Beloin,"Bing Crosby, Rhonda Fleming, Cedric Hardwicke, William Bendix, Murvyn Vye",,,6.235,34,0.8855,,,Paramount Pictures,/2LYlMNGXmes2tMlMn6KgSNwUpCo.jpg,/rJMfeNRWWCn9NUamHgFVVFIGSsY.jpg,KNI040.jpg,matched (genre pull)
KNI041,Killing Jesus,Christopher Menaul,332356,Killing Jesus,Killing Jesus,tt3609402,2015-04-05,2015,132,en,US,United States of America,,Jesus of Nazareth’s life and ministry were subject to seismic social and political events that led to his execution and changed the world forever.,"TV Movie, Drama, Fantasy","10770, 18, 14","roman empire, biography, paranoid fantasy, religion, jesus christ","1405, 5565, 11659, 11001, 230097",Christopher Menaul,"Walon Green, Bill O'Reilly, Martin Dugard","Haaz Sleiman, Eoin Macken, Emmanuelle Chriqui, Rufus Sewell, John Rhys-Davies",,,6.305,100,0.8695,12000000.0,,"Dune Films, Scott Free Productions",/1Wr7apWkhqHSdzmxnQuzlKTzdK.jpg,/q5CQZRXM5PBMNga9G1cErB6gOs8.jpg,KNI041.jpg,matched (genre pull)
KNI042,Knights of the Round Table,Richard Thorpe,19957,Knights of the Round Table,Knights of the Round Table,tt0045966,1953-12-22,1953,115,en,GB,United Kingdom,All the glory and splendor of King Arthur's court,"In Camelot, kingdom of Arthur and Merlin, Lancelot is well known for his courage and honor. But one day he must quit Camelot and the Queen Guinevere's love, leaving the Round Table without protection.","Romance, Action, Adventure, Fantasy, Drama","10749, 28, 12, 14, 18","holy grail, swordplay, sword, camelot, round table, sword fight, king arthur, quicksand, jousting, middle ages (476-1453), swashbuckler, excalibur","113, 1400, 1938, 3966, 3968, 9725, 10982, 15140, 34067, 41406, 157186, 177128",Richard Thorpe,"Thomas Malory, Talbot Jennings, Jan Lustig, Noel Langley","Robert Taylor, Ava Gardner, Mel Ferrer, Anne Crawford, Stanley Baker",,,6.0,92,0.8196,,,"Metro-Goldwyn-Mayer British Studios, Metro-Goldwyn-Mayer",/bkXgVIpzVtDIbIscq5Z4M6sJ8Ex.jpg,/ltAzzh3rRwIG5haOHrlE7TWFUeM.jpg,KNI042.jpg,matched (genre pull)
KNI043,Robin Hood,Allan Dwan,71066,Robin Hood,Robin Hood,tt0013556,1922-10-18,1922,133,en,US,United States of America,,"Amid big-budget medieval pageantry, King Richard goes on the Crusades leaving his brother Prince John as regent, who promptly emerges as a cruel, grasping, treacherous tyrant. Apprised of England's peril by message from his lady-love Marian, the dashing Earl of Huntingdon endangers his life and honor by returning to oppose John, but finds himself and his friends outlawed, with Marian apparently dead. Enter Robin Hood, acrobatic champion of the oppressed, laboring to set things right through swashbuckling feats and cliffhanging perils!","Adventure, Romance","12, 10749","robber, robin hood, archer, sword fight, silent film","1621, 4147, 4393, 9725, 154802",Allan Dwan,"Douglas Fairbanks, Kenneth Davenport, Allan Dwan, Edward Knoblock, Lotta Woods","Douglas Fairbanks, Enid Bennett, Wallace Beery, Sam De Grasse, Alan Hale",Robin Hood Collection (Silent),892413.0,6.4,56,0.7978,,,Douglas Fairbanks Pictures,/baqMnZbAFPsfbaAOPRU1eJlCRdj.jpg,/le215ALRyvc19s6jfrVjRO371YY.jpg,KNI043.jpg,matched (genre pull)
KNI044,The Story of Robin Hood and His Merrie Men,Ken Annakin,27884,The Story of Robin Hood and His Merrie Men,The Story of Robin Hood and His Merrie Men,tt0045197,1952-05-26,1952,84,en,US,United States of America,,"Young Robin Hood, in love with Maid Marian, enters an archery contest with his father at the King's palace. On the way home his father is murdered by henchmen of Prince John. Robin takes up the life of an outlaw, gathering together his band of merry men with him in Sherwood Forest, to avenge his father's death and to help the people of the land that Prince John are over taxing.",Adventure,12,"robin hood, archer","4147, 4393",Ken Annakin,Lawrence Edward Watkin,"Richard Todd, Joan Rice, Peter Finch, James Hayter, James Robertson Justice",,,6.19,71,0.7078,,,"RKO Radio Pictures, Walt Disney Productions",/qnVw3CwQgHnKiOWKhAv69dsKBfG.jpg,/hqwO3nlLT0jlgXfQBAvbocwOdHV.jpg,KNI044.jpg,matched (genre pull)
KNI045,For Love and Gold,Mario Monicelli,23832,For Love and Gold,L'armata Brancaleone,tt0060125,1966-04-07,1966,120,it,IT,"France, Italy",,"A group of rogues steal a scroll granting its bearer the property of the land of Aurocastro in Apulia, a province in the south of Italy. They elect a shaggy knight, Brancaleone from Norcia, as their leader, and decide to get possession of this supposedly wealthy land. Many adventures will occurr during the journey.","Comedy, Adventure","35, 12","italy, knight, contagion spread, middle ages (476-1453), cavalry, apulia, italy","131, 10466, 10473, 41406, 156234, 278860",Mario Monicelli,"Mario Monicelli, Agenore Incrocci, Furio Scarpelli, Agenore Incrocci, Furio Scarpelli, Mario Monicelli","Vittorio Gassman, Catherine Spaak, Folco Lulli, Gian Maria Volonté, Maria Grazia Buccella",Brancaleone Collection,251858.0,7.739,396,0.7054,,1314230.0,"Fair Film, Les Films Marceau",/zRdd1qYJpxKKy57ufAK4E7gi13W.jpg,/dELiIRHrpNpncIApojSW67kPNdQ.jpg,KNI045.jpg,matched (genre pull)
KNI046,Knights of the Teutonic Order,Aleksander Ford,66030,Knights of the Teutonic Order,Krzyżacy,tt0054004,1960-09-02,1960,166,pl,PL,Poland,,"A tale of a young impoverished nobleman, who with his uncle returns from a war against the order of the Teutonic Knights in Lithuania. He falls in love with a beautiful woman and pledges an oath to bring her ""three trophies"" from the Teutonic Knights.","Adventure, Drama, History, War","12, 18, 36, 10752","knight, poland, medieval, 15th century","10466, 21747, 161257, 213097",Aleksander Ford,"Aleksander Ford, Jerzy Stefan Stawiński","Urszula Modrzyńska, Grażyna Staniszewska, Andrzej Szalawski, Henryk Borowski, Aleksander Fogiel",,,7.2,51,0.6064,,,"Zespół Filmowy ""Studio""",/v65DS9A4rfWbkLAPopUzGe0fDz8.jpg,/qsrNq2A7I2nmSi82Dl4jwAoas7J.jpg,KNI046.jpg,matched (genre pull)
KNI047,Brancaleone at the Crusades,Mario Monicelli,49321,Brancaleone at the Crusades,Brancaleone alle crociate,tt0065489,1970-12-24,1970,120,it,IT,"Italy, Algeria",,"After saving an infant of royal blood, knight Brancaleone forms a new army and sets out to return the baby to his father: a prince fighting in the Crusades.","Comedy, Adventure","35, 12","crusade, medieval, brancaleone","2868, 161257, 226739",Mario Monicelli,"Agenore Incrocci, Furio Scarpelli, Mario Monicelli, Agenore Incrocci, Furio Scarpelli, Mario Monicelli","Vittorio Gassman, Adolfo Celi, Sandro Dori, Beba Lončar, Gigi Proietti",Brancaleone Collection,251858.0,7.2,162,0.5676,,,"Fair Film, Office National pour le Commerce et l'Industrie Cinématographique (ONCIC)",/7iML7nTQ7uZTaZQlkZwdNcCLLm5.jpg,/s3CRGd17e5bIoVLxMCttdcBylBc.jpg,KNI047.jpg,matched (genre pull)
KNI048,Plebs: Soldiers of Rome,Sam Leifer,1059270,Plebs: Soldiers of Rome,Plebs: Soldiers of Rome,tt22817698,2022-12-08,2022,86,en,GB,"United Kingdom, Bulgaria",,"Three Plebs join the army in peace-time, hoping to win respect, romance and military discounts at selected restaurants. But when war's declared they're sent to fight on the front line of a Roman legion for a cause they don't believe in. Now their main interest is the struggle for survival.","Comedy, War, Adventure","35, 10752, 12","roman empire, ancient rome, soldier, slave, roman army, anachronistic, 1st century bc","1405, 5049, 13065, 14906, 192659, 252786, 287672",Sam Leifer,"Sam Leifer, Tom Basden","Ryan Sampson, Tom Rosenthal, Jon Pointing, Tom Basden, Karl Theobald",,,6.261,23,0.4902,,,Rise Films,/aQkP2J3kc7gVotqEbiS2AeFLPZz.jpg,/6EDyKcThYdW8lPqziMMwsMeRDbt.jpg,KNI048.jpg,matched (genre pull)
KNI049,Days of Darkness,Denys Arcand,24173,Days of Darkness,L'âge des ténèbres,tt0819953,2007-09-26,2007,104,fr,CA,"Canada, France",,"Jean-Marc is a man without qualities living in times that are out of joint. His wife and children ignore him; he's a mid-level government functionary in Montreal doing his job without care. He has an active imagination of sexual conquest, but his only real feelings come when he visits his aged mother, whose health is failing. When his wife leaves abruptly to work in Toronto, Jean-Marc sets out to reorder things with his daughters, his social life, and at work. In a world that at best is a farce, does he stand a chance?","Comedy, Drama, Fantasy","35, 18, 14","routine, knight, phantasm","7307, 10466, 195466",Denys Arcand,Denys Arcand,"Marc Labrèche, Sylvie Léonard, Diane Kruger, Caroline Néron, Rufus Wainwright",The Decline of the American Empire Collection,780389.0,6.425,75,0.4827,6400000.0,3416328.0,"Mon Voisin Productions, Cinémaginaire, StudioCanal, Alliance Atlantis",/syTfHveVRGPre7TT2D60UmQ8L2a.jpg,/r7AugkHQAsXGp9j5sU6QBehXV66.jpg,KNI049.jpg,matched (genre pull)
KNI050,Black Angel,Roger Christian,273879,Black Angel,Black Angel,tt0130508,1980-05-21,1980,25,en,"CA, US, GB","Canada, United Kingdom",,"A knight returns home from the Crusades to find his village devastated by disease and his family gone. He roams the forest searching for them, until he finds a mysterious maiden who is being held prisoner by a black knight. In order to free her, he must confront her captor.","Fantasy, Adventure, Horror","14, 12, 27","castle, forest, knight, disease, rescue from drowning, ruins","3098, 5774, 10466, 14673, 34268, 162715",Roger Christian,Roger Christian,"Tony Vogel, John Young, Patricia Christian, James Gibb, Colin Booth",,,6.423,26,0.469,25000.0,,"Canada Limited, Painted Lady Productions",/2znTF1MPhhV5Ny1ggXDBxN3rjmk.jpg,/tL3AGf4nDmwlzKvZ0UbfJvHmRTe.jpg,KNI050.jpg,matched (genre pull)
KNI051,Sword of Sherwood Forest,Terence Fisher,115972,Sword of Sherwood Forest,Sword of Sherwood Forest,tt0054358,1960-12-26,1960,80,en,GB,United Kingdom,All-New Adventures of Robin Hood! The world's most fearless fighter faces his greatest challenge!,"Robin of Loxley and his men stumble on a plot to overthrow Hubert Walter, King's Chancellor and Archbishop of Canterbury. The plotters, the Sheriff of Nottingham and the Earl of Newark, have set an ambush for Walter and Lady Marian Fitzwater. Will Robin get to them before it is too late?","Adventure, History","12, 36","robin hood, sherwood forest","4147, 11525",Terence Fisher,Alan Hackney,"Richard Greene, Peter Cushing, Niall MacGinnis, Richard Pasco, Jack Gwillim",Robin Hood (Hammer) Collection,978457.0,6.092,38,0.4525,,,Hammer Film Productions,/kvpCGViDZkHTF0EoeFdL7Jwa8CK.jpg,/qvx6YRZ4FKWmGpDzQhzRNNwlJUb.jpg,KNI051.jpg,matched (genre pull)
KNI052,A Challenge for Robin Hood,C.M. Pennington-Richards,83355,A Challenge for Robin Hood,A Challenge for Robin Hood,tt0062787,1967-07-01,1967,92,en,GB,United Kingdom,,"After being falsely accused of murder, Sir Robin of Loxley takes refuge in the untamed wilderness of Sherwood Forest where he stumbles across a group of outlaws. Although initially suspicious of the aristocrat's motives, the men are soon won over by his integrity and prowess and Robin transforms them into a formidable fighting force, stealing from the rich and giving to the poor. As word of his fame and valour spreads, a legend is born.",Adventure,12,"robin hood, sherwood forest, swashbuckler","4147, 11525, 157186",C.M. Pennington-Richards,Peter Bryan,"Barrie Ingham, Peter Blythe, Gay Hamilton, John Arnatt, John Gugolka",Robin Hood (Hammer) Collection,978457.0,6.325,20,0.3992,,,"Seven Arts Productions, Hammer Film Productions",/7NbJWuuNROAwYCwzVnm5YEOpbNo.jpg,/mnk9ljB0mfUccxCpWLwC3lhhV4k.jpg,KNI052.jpg,matched (genre pull)
